SALE TYPE,SOLD DATE,PROPERTY TYPE,ADDRESS,CITY,STATE,ZIP,PRICE,BEDS,BATHS,LOCATION,SQUARE FEET,LOT SIZE,YEAR BUILT,DAYS ON MARKET,$/SQUARE FEET,HOA/MONTH,STATUS,NEXT OPEN HOUSE START TIME,NEXT OPEN HOUSE END TIME,URL (SEE http://www.redfin.com/buy-a-home/comparative-market-analysis FOR INFO ON PRICING),SOURCE,MLS#,FAVORITE,INTERESTED,LATITUDE,LONGITUDE
MLS Listing,,Townhouse,2115 201st Place SE Unit E6,Bothell,WA,98012,499900,3,2.75,Thrashers Corner,1937,155762,2007,2,258,192,Active,April-21-2018 02:00 PM,April-21-2018 04:00 PM,http://www.redfin.com/WA/Bothell/2115-201st-Pl-SE-98012/unit-E6/home/18606217,NWMLS,1275156,N,Y,47.8150787,-122.2044451
PAST SALE,August-14-2015,Single Family Residential,17419 3rd Ave SE,Bothell,WA,98012,699500,5,3.25,North Creek,3258,3485,2015,2,215,60,Pending,,,http://www.redfin.com/WA/Bothell/17419-3rd-Ave-SE-98012/home/67343200,NWMLS,1274354,N,Y,47.8396514,-122.2273341
PAST SALE,February-27-2017,Single Family Residential,17513 39th Ave SE,Bothell,WA,98012,698900,3,2.5,Bothell,2137,3200,2016,14,327,54,Pending,,,http://www.redfin.com/WA/Bothell/17513-39th-Ave-SE-98012/home/108497883,NWMLS,1269088,N,Y,47.8387478,-122.1796469
MLS Listing,,Condo/Co-op,14915 38th Dr SE #2034,Bothell,WA,98012,325000,2,1.75,Mill Creek,1474,399159,2007,14,220,299,Active,,,http://www.redfin.com/WA/Bothell/14915-38th-Dr-SE-98012/unit-2034/home/28446769,NWMLS,1269325,N,Y,47.8622783,-122.1798301
PAST SALE,October-24-2014,Single Family Residential,3808 134th Place SE,Mill Creek,WA,98012,599000,3,2.5,Mill Creek,2167,3485,2014,15,276,,Pending,,,http://www.redfin.com/WA/Mill-Creek/3808-134th-Pl-SE-98012/home/56329935,NWMLS,1268982,N,Y,47.8758251,-122.1809168
PAST SALE,June-7-1996,Single Family Residential,2728 143rd St SE,Mill Creek,WA,98012,549000,4,2.5,Mill Creek,2062,6098,1996,16,266,30,Pending,,,http://www.redfin.com/WA/Mill-Creek/2728-143rd-St-SE-98012/home/2848436,NWMLS,1265938,N,Y,47.8688073,-122.195001
PAST SALE,August-15-2014,Single Family Residential,16130 40th Dr SE,Bothell,WA,98012,624900,4,2.5,Mill Creek,2294,3920,2005,22,272,33,Pending,,,http://www.redfin.com/WA/Bothell/16130-40th-Dr-SE-98012/home/22960657,NWMLS,1262192,N,Y,47.8508535,-122.1780903
PAST SALE,September-13-2013,Townhouse,3432 164th Place SE,Bothell,WA,98012,479000,3,2.5,Mill Creek,1939,2155,2012,28,247,100,Pending,,,http://www.redfin.com/WA/Bothell/3432-164th-Pl-SE-98012/unit-18/home/21955038,NWMLS,1260159,N,Y,47.848552,-122.185381
PAST SALE,October-22-1992,Single Family Residential,15813 28th Dr SE,Mill Creek,WA,98012,690000,4,2.5,Mill Creek,2556,6534,1994,77,270,29,Pending,,,http://www.redfin.com/WA/Mill-Creek/15813-28th-Dr-SE-98012/home/2832610,NWMLS,1240289,N,Y,47.8542242,-122.1938092
MLS Listing,,Condo/Co-op,2009 196th St SE Unit A301,Bothell,WA,98012,325000,3,2.0,Thrashers Corner,1269,366781,2000,1,256,377,Active,,,http://www.redfin.com/WA/Bothell/2009-196th-St-SE-98012/unit-A301/home/2884405,NWMLS,1277912,N,Y,47.821656,-122.2047141
MLS Listing,,Single Family Residential,2021 172nd Place SE,Bothell,WA,98012,515000,4,2.5,Mays Pond,1912,10454,1977,1,269,,Active,April-21-2018 12:00 PM,April-21-2018 03:00 PM,http://www.redfin.com/WA/Bothell/2021-172nd-Pl-SE-98012/home/2774570,NWMLS,1275823,N,Y,47.8417548,-122.2048082
MLS Listing,,Condo/Co-op,18930 Bothell Everett Hwy Unit B 103,Bothell,WA,98012,259000,2,2.0,Thrashers Corner,939,,1998,1,276,383,Active,April-21-2018 01:00 PM,April-21-2018 04:00 PM,http://www.redfin.com/WA/Bothell/18930-Bothell-Everett-Hwy-98012/unit-B103/home/12104294,NWMLS,1268405,N,Y,47.8248163,-122.2090983
MLS Listing,,Single Family Residential,15912 26th Ave SE,Mill Creek,WA,98012,610000,3,1.75,Mill Creek,1952,9583,1987,1,313,27,Active,April-21-2018 01:00 PM,April-21-2018 03:00 PM,http://www.redfin.com/WA/Mill-Creek/15912-26th-Ave-SE-98012/home/2811135,NWMLS,1272758,N,Y,47.8534534,-122.1981905
MLS Listing,,Townhouse,3524 177th Place SE #1018,Bothell,WA,98012,718000,4,2.5,Bothell,2431,3000,2014,1,295,57,Active,April-21-2018 01:00 PM,April-21-2018 04:00 PM,http://www.redfin.com/WA/Bothell/3524-177th-Pl-SE-98012/unit-1018/home/69349440,NWMLS,1277795,N,Y,47.836913,-122.184778
MLS Listing,,Townhouse,1325 Seattle Hill Rd Unit G4,Bothell,WA,98012,624900,4,3.25,Mill Creek,2318,2081,2018,1,270,121,Active,April-21-2018 11:00 AM,April-21-2018 05:00 PM,http://www.redfin.com/WA/Bothell/1325-Seattle-Hill-Rd-98012/unit-G4/home/145103570,NWMLS,1277365,N,Y,47.8450585,-122.2147022
MLS Listing,,Single Family Residential,1316 196 Place SE,Bothell,WA,98012,535000,5,3.0,Bothell,2019,4356,2004,1,265,,Active,,,http://www.redfin.com/WA/Bothell/1316-196th-Pl-SE-98012/home/2903211,NWMLS,1276509,N,Y,47.8196522,-122.2137885
MLS Listing,,Single Family Residential,4614 196th St SE,Bothell,WA,98012,689000,3,2.25,Bothell,1910,45302,1991,1,361,,Active,April-21-2018 01:00 PM,April-21-2018 04:00 PM,http://www.redfin.com/WA/Bothell/4614-196th-St-SE-98012/home/2565633,NWMLS,1277009,N,Y,47.8181046,-122.1710237
MLS Listing,,Single Family Residential,20229 45th Dr SE,Bothell,WA,98012,720888,4,2.5,North Creek,2718,37897,1970,1,265,,Active,April-21-2018 01:00 PM,April-21-2018 04:00 PM,http://www.redfin.com/WA/Bothell/20229-45th-Dr-SE-98012/home/2769128,NWMLS,1277215,N,Y,47.8136173,-122.1713689
MLS Listing,,Single Family Residential,3026 140th Place SE,Mill Creek,WA,98012,574950,4,2.5,Highlands,1895,6973,1995,1,303,32,Active,April-21-2018 12:00 PM,April-21-2018 04:00 PM,http://www.redfin.com/WA/Mill-Creek/3026-140th-Pl-SE-98012/home/2842629,NWMLS,1277304,N,Y,47.8700093,-122.1911635
PAST SALE,,Single Family Residential,18019 3rd Dr SE Unit GP 40,Bothell,WA,98012,830331,3,2.5,North Creek,3402,7528,2018,1,244,20,Pending,,,http://www.redfin.com/WA/Bothell/18019-3rd-Dr-SE-98012/unit-GP-40/home/145370718,NWMLS,1277574,N,Y,47.8341082,-122.2271398
PAST SALE,,Single Family Residential,18107 Baldwin Rd Unit GP 22,Bothell,WA,98012,803872,4,3.25,North Creek,3402,4044,2017,1,236,20,Pending,,,http://www.redfin.com/WA/Bothell/18107-Baldwin-Rd-98012/unit-GP-22/home/145370345,NWMLS,1277557,N,Y,47.833553,-122.229064
PAST SALE,,Single Family Residential,18225 3rd Dr SE Unit NC 31,Bothell,WA,98012,766499,4,3.25,North Creek,3402,5356,2017,1,225,20,Pending,,,http://www.redfin.com/WA/Bothell/18225-3rd-Dr-SE-98012/unit-NC-31/home/145370253,NWMLS,1277552,N,Y,47.8324311,-122.2267896
PAST SALE,,Single Family Residential,222 182nd St SE Unit GP 1,Bothell,WA,98012,713104,3,2.5,North Creek,2632,5354,2017,1,271,20,Pending,,,http://www.redfin.com/WA/Bothell/222-182nd-St-SW-98012/unit-GP-1/home/145370136,NWMLS,1277544,N,Y,47.8330098,-122.2360178
PAST SALE,,Single Family Residential,18330 3rd Dr SE Unit NC 20,Bothell,WA,98012,720848,4,3.25,North Creek,2797,3928,2018,1,258,20,Pending,,,http://www.redfin.com/WA/Bothell/18330-3rd-Dr-SE-98012/unit-NC-20/home/145370000,NWMLS,1277521,N,Y,47.8315639,-122.2270568
MLS Listing,,Single Family Residential,13824 North Creek Dr #1704,Mill Creek,WA,98012,594950,3,2.5,Mill Creek,2361,427884,2004,1,252,385,Active,,,http://www.redfin.com/WA/Mill-Creek/13824-N-Creek-Dr-98012/unit-1704/home/2909534,NWMLS,1277496,N,Y,47.872167,-122.221053
PAST SALE,,Single Family Residential,18303 3rd Dr SE Unit NC 28,Bothell,WA,98012,737230,5,5.0,North Creek,3540,4578,2018,1,208,20,Pending,,,http://www.redfin.com/WA/Bothell/18303-3rd-Dr-SE-98012/unit-NC-28/home/145369876,NWMLS,1277512,N,Y,47.8317764,-122.2267763
PAST SALE,,Single Family Residential,17806 41st Dr SE #7,Bothell,WA,98012,756852,3,2.5,Bothell,2050,3539,2018,1,369,96,Pending,,,http://www.redfin.com/WA/Bothell/17806-41st-Dr-SE-98012/unit-7/home/145369754,NWMLS,1277505,N,Y,47.8502585,-122.1768566
PAST SALE,,Single Family Residential,17826 41st Dr SE #12,Bothell,WA,98012,729269,3,2.5,Bothell,2050,3400,2018,1,356,96,Pending,,,http://www.redfin.com/WA/Bothell/17826-41st-Dr-SE-98012/unit-12/home/145369619,NWMLS,1277491,N,Y,47.8502585,-122.1768566
PAST SALE,,Single Family Residential,17916 41st Dr SE #16,Bothell,WA,98012,772386,4,2.5,Bothell,2414,4269,2018,1,320,96,Pending,,,http://www.redfin.com/WA/Bothell/17916-41st-Dr-SE-98012/unit-16/home/145369369,NWMLS,1277472,N,Y,47.8502585,-122.1768566
MLS Listing,,Single Family Residential,18020 27th Dr SE,Bothell,WA,98012,670000,5,2.5,Bothell,2191,5663,1998,1,306,,Active,April-21-2018 12:00 PM,April-21-2018 03:00 PM,http://www.redfin.com/WA/Bothell/18020-27th-Dr-SE-98012/home/2862009,NWMLS,1275659,N,Y,47.8339795,-122.1963058
MLS Listing,,Single Family Residential,18919 4th Dr SE,Bothell,WA,98012,749950,4,2.5,Bothell,2694,10454,2012,1,278,25,Active,April-21-2018 01:00 PM,April-21-2018 04:00 PM,http://www.redfin.com/WA/Bothell/18919-4th-Dr-SE-98012/home/45390824,NWMLS,1274257,N,Y,47.826072,-122.226171
PAST SALE,March-26-2012,Townhouse,1800 Mill Creek Rd Unit 30-B,Mill Creek,WA,98012,400000,2,2.5,Mill Creek,1244,14810,1988,1,322,337,Pending,,,http://www.redfin.com/WA/Mill-Creek/1800-Mill-Creek-Rd-98012/unit-30B/home/2816217,NWMLS,1274355,N,Y,47.850259,-122.211152
MLS Listing,,Townhouse,17818 20th Ave SE #38,Bothell,WA,98012,529950,4,3.0,Bothell,2902,2760,2007,1,183,41,Active,April-21-2018 01:00 PM,April-21-2018 04:00 PM,http://www.redfin.com/WA/Bothell/17818-20th-Ave-SE-98012/unit-38/home/11884041,NWMLS,1277146,N,Y,47.8359071,-122.2063313
MLS Listing,,Single Family Residential,17409 42nd Ave SE,Bothell,WA,98012,750000,4,2.25,Mill Creek,2565,4000,2015,1,292,35,Active,April-21-2018 01:00 PM,April-21-2018 04:00 PM,http://www.redfin.com/WA/Bothell/17409-42nd-Ave-SE-98012/home/62383468,NWMLS,1275672,N,Y,47.8395374,-122.175677
MLS Listing,,Single Family Residential,2312 177th St SE,Bothell,WA,98012,555950,4,2.25,Mays Pond,1922,7841,1976,1,289,28,Active,April-21-2018 01:00 PM,April-21-2018 04:00 PM,http://www.redfin.com/WA/Bothell/2312-177th-St-SE-98012/home/2677492,NWMLS,1275067,N,Y,47.8371296,-122.2013338
MLS Listing,,Single Family Residential,5011 156th St SE,Bothell,WA,98012,850000,3,4.0,Mill Creek,2920,54450,1984,1,291,,Active,April-21-2018 01:00 PM,April-21-2018 04:00 PM,http://www.redfin.com/WA/Bothell/5011-156th-St-SE-98012/home/2465855,NWMLS,1270900,N,Y,47.8566871,-122.1649417
MLS Listing,,Single Family Residential,918 148th Lane SE,Mill Creek,WA,98012,495000,2,2.5,Mill Creek,1496,1307,2007,1,331,128,Active,April-21-2018 01:00 PM,April-21-2018 04:00 PM,http://www.redfin.com/WA/Mill-Creek/918-148th-Ln-SE-98012/home/12490692,NWMLS,1275427,N,Y,47.8627855,-122.2197377
MLS Listing,,Single Family Residential,18603 33rd Ave SE,Bothell,WA,98012,765000,5,2.5,North Creek,2539,5227,2003,2,301,29,Active,April-21-2018 12:00 PM,April-21-2018 05:00 PM,http://www.redfin.com/WA/Bothell/18603-33rd-Ave-SE-98012/home/2907040,NWMLS,1275738,N,Y,47.828467,-122.1888105
MLS Listing,,Townhouse,16518 2nd Dr SE,Bothell,WA,98012,479000,3,2.5,Mill Creek,1818,2178,2012,2,263,153,Active,April-21-2018 11:00 AM,April-21-2018 02:00 PM,http://www.redfin.com/WA/Bothell/16518-2nd-Dr-SE-98012/home/54808023,NWMLS,1276252,N,Y,47.847944,-122.2295511
MLS Listing,,Single Family Residential,3023 182nd Place SE,Bothell,WA,98012,847900,4,2.5,Bothell,3221,4355,2011,2,263,49,Active,April-21-2018 01:00 PM,April-21-2018 04:00 PM,http://www.redfin.com/WA/Bothell/3023-182nd-Pl-SE-98012/home/33902083,NWMLS,1263123,N,Y,47.8326217,-122.1913159
PAST SALE,,Single Family Residential,17909 41st Dr SE #25,Bothell,WA,98012,631235,3,2.5,Bothell,2050,3867,2018,2,308,96,Pending,,,http://www.redfin.com/WA/Bothell/17909-41st-Dr-SE-98012/unit-25/home/145352866,NWMLS,1276688,N,Y,47.8502585,-122.1768566
MLS Listing,,Single Family Residential,16229 41st Dr SE,Bothell,WA,98012,619900,4,2.5,North Creek,1930,3920,2011,2,321,50,Active,April-21-2018 01:00 PM,April-21-2018 04:00 PM,http://www.redfin.com/WA/Bothell/16229-41st-Dr-SE-98012/home/40603690,NWMLS,1263610,N,Y,47.8499661,-122.1766706
MLS Listing,,Single Family Residential,3609 183rd St SE #62,Bothell,WA,98012,595000,3,2.5,North Bothell,1732,2448,2008,2,344,107,Active,,,http://www.redfin.com/WA/Bothell/3609-183rd-St-SE-98012/unit-62/home/12176988,NWMLS,1276523,N,Y,47.8321742,-122.1846532
MLS Listing,,Townhouse,13400 Dumas Rd Unit N-3,Mill Creek,WA,98012,299950,2,1.75,Mill Creek,1086,,1997,2,276,309,Active,April-21-2018 02:00 PM,April-21-2018 04:00 PM,http://www.redfin.com/WA/Mill-Creek/13400-Dumas-Rd-98012/unit-N3/home/2869860,NWMLS,1276473,N,Y,47.8769371,-122.216853
MLS Listing,,Single Family Residential,17804 36th Ave SE,Bothell,WA,98012,730000,4,2.5,Bothell,2414,2799,2015,2,302,60,Active,April-21-2018 01:00 PM,April-21-2018 04:00 PM,http://www.redfin.com/WA/Bothell/17804-36th-Ave-SE-98012/unit-3019/home/59706593,NWMLS,1276398,N,Y,47.8363258,-122.1847004
MLS Listing,,Single Family Residential,2518 161st St SE,Mill Creek,WA,98012,665000,4,2.5,Mill Creek,2406,9583,1987,3,276,,Active,April-21-2018 12:00 PM,April-21-2018 03:00 PM,http://www.redfin.com/WA/Mill-Creek/2518-161st-St-SE-98012/home/2811099,NWMLS,1274929,N,Y,47.8520629,-122.1985137
PAST SALE,March-28-2016,Single Family Residential,3530 178th Place SE,Bothell,WA,98012,700000,3,2.5,Bothell,2326,2972,2016,4,301,57,Pending,,,http://www.redfin.com/WA/Bothell/3530-178th-Pl-SE-98012/unit-3013/home/59706583,NWMLS,1275337,N,Y,47.8355148,-122.1843781
MLS Listing,,Single Family Residential,14113 16th Ct SE,Mill Creek,WA,98012,799950,3,2.5,Mill Creek,3241,10890,1987,4,247,67,Active,April-21-2018 11:00 AM,April-21-2018 02:00 PM,http://www.redfin.com/WA/Mill-Creek/14113-16th-Ct-SE-98012/home/2809451,NWMLS,1275038,N,Y,47.8698398,-122.2102275
MLS Listing,,Single Family Residential,16506 Meridian Ave S,Bothell,WA,98012,579000,4,2.5,Mill Creek,2321,6534,2001,4,249,,Active,,,http://www.redfin.com/WA/Bothell/16506-Meridian-Ave-S-98012/home/2892770,NWMLS,1264720,N,Y,47.848494,-122.234242
MLS Listing,,Single Family Residential,17420 Clover Rd,Bothell,WA,98012,475000,3,2.0,Bothell,1000,14375,1970,6,475,,Active,,,http://www.redfin.com/WA/Bothell/17420-Clover-Rd-98012/home/2647347,NWMLS,1274467,N,Y,47.8396974,-122.232337
PAST SALE,,Townhouse,1325 Seattle Hill Rd Unit G1,Bothell,WA,98012,624900,4,3.5,Mill Creek,2318,2608,2018,7,270,121,Pending,,,http://www.redfin.com/WA/Bothell/1325-Seattle-Hill-Rd-98012/unit-G1/home/145314387,NWMLS,1273709,N,Y,47.8450585,-122.2147021
MLS Listing,,Single Family Residential,123 178th St SW #13,Bothell,WA,98012,799950,5,3.0,Bothell,2825,4181,2018,7,283,128,Active,,,http://www.redfin.com/WA/Bothell/123-178th-Pl-SE-98012/unit-13/home/145312428,NWMLS,1274125,N,Y,47.835732,-122.1850121
PAST SALE,August-15-2006,Single Family Residential,17715 Brook Blvd,Bothell,WA,98012,475000,4,1.75,Bothell,1439,8276,1972,7,330,29,Pending,,,http://www.redfin.com/WA/Bothell/17715-Brook-Blvd-98012/home/2677456,NWMLS,1273667,N,Y,47.8368532,-122.2042377
PAST SALE,October-18-2016,Condo/Co-op,20320 Bothell Everett Hwy Unit D101,Bothell,WA,98012,265000,2,2.0,Thrashers Corner,984,,1986,8,269,406,Pending,,,http://www.redfin.com/WA/Bothell/20320-Bothell-Everett-Hwy-98012/unit-D101/home/2902958,NWMLS,1268991,N,Y,47.813465,-122.210683
PAST SALE,June-26-2015,Single Family Residential,3317 135th Place SE #109,Mill Creek,WA,98012,585000,4,3.0,Mill Creek,2412,3500,2005,8,243,37,Pending,,,http://www.redfin.com/WA/Mill-Creek/3317-135th-Pl-SE-98012/unit-109/home/3034355,NWMLS,1273861,N,Y,47.8747512,-122.1874141
PAST SALE,September-29-2005,Condo/Co-op,2201 192nd St SE Unit R205,Bothell,WA,98012,284000,2,1.75,North Bothell,966,379380,2000,8,294,277,Pending,,,http://www.redfin.com/WA/Bothell/2201-192nd-St-SE-98012/unit-R205/home/2866574,NWMLS,1267579,N,Y,47.82636,-122.2032819
PAST SALE,June-18-2001,Single Family Residential,18024 32nd Ave SE,Bothell,WA,98012,780000,5,2.5,North Bothell,2896,6534,2001,8,269,19,Pending,,,http://www.redfin.com/WA/Bothell/18024-32nd-Ave-SE-98012/home/2882518,NWMLS,1271672,N,Y,47.8338259,-122.1899397
PAST SALE,September-28-2007,Single Family Residential,211 196th Place SW,Bothell,WA,98012,659950,4,2.5,Bothell,2409,3727,2007,8,274,33,Pending,,,http://www.redfin.com/WA/Bothell/211-196th-Pl-SW-98012/home/12334191,NWMLS,1273775,N,Y,47.820609,-122.2363472
MLS Listing,,Townhouse,1325 Seattle Hill Rd Unit E3,Bothell,WA,98012,599900,3,3.25,Mill Creek,2027,1219,2018,8,296,121,Active,April-21-2018 11:00 AM,April-21-2018 05:00 PM,http://www.redfin.com/WA/Bothell/1325-Seattle-Hill-Rd-98012/unit-E3/home/144800478,NWMLS,1273675,N,Y,47.8450585,-122.2147022
PAST SALE,January-14-2010,Single Family Residential,3914 152nd Place SE,Bothell,WA,98012,465000,4,2.75,Mill Creek,1998,3360,2004,8,233,25,Pending,,,http://www.redfin.com/WA/Bothell/3914-152nd-Pl-SE-98012/home/2904457,NWMLS,1266519,N,Y,47.8591255,-122.1792548
PAST SALE,,Single Family Residential,14215 41st Dr SE,Mill Creek,WA,98012,550000,5,3.0,Mill Creek,2104,4497,2008,8,261,25,Pending,,,http://www.redfin.com/WA/Mill-Creek/14215-41st-Dr-SE-98012/home/28640991,NWMLS,1260070,N,Y,47.8684795,-122.1762811
PAST SALE,,Townhouse,2000 Village Green Dr #4,Mill Creek,WA,98012,600000,3,2.5,Mill Creek,2339,6534,1987,8,257,57,Pending,,,http://www.redfin.com/WA/Mill-Creek/2000-Village-Green-Dr-98012/unit-4/home/2812047,NWMLS,1273489,N,Y,47.8657132,-122.2051515
PAST SALE,June-24-2009,Single Family Residential,17233 31st Dr SE,Bothell,WA,98012,659800,4,2.5,Bothell,2127,4792,2009,8,310,28,Pending,,,http://www.redfin.com/WA/Bothell/17233-31st-Dr-SE-98012/home/12418448,NWMLS,1272893,N,Y,47.8409769,-122.1902869
PAST SALE,,Single Family Residential,3007 Stafford Wy,Bothell,WA,98012,490000,3,1.75,Kennard Corner,1230,10019,1968,8,398,,Pending,,,http://www.redfin.com/WA/Bothell/3007-Stafford-Way-98012/home/2750244,NWMLS,1261178,N,Y,47.8229731,-122.192639
MLS Listing,,Single Family Residential,18805 20th Ave SE,Bothell,WA,98012,595000,3,2.5,North Bothell,1831,4356,1996,8,325,92,Active,April-21-2018 12:00 PM,April-21-2018 03:00 PM,http://www.redfin.com/WA/Bothell/18805-20th-Ave-SE-98012/home/2843194,NWMLS,1270701,N,Y,47.8270868,-122.2052801
PAST SALE,May-22-2015,Single Family Residential,14513 38th Dr SE,Mill Creek,WA,98012,830000,4,3.25,Mill Creek,3512,7754,2004,8,236,40,Pending,,,http://www.redfin.com/WA/Mill-Creek/14513-38th-Dr-SE-98012/home/2914909,NWMLS,1271711,N,Y,47.8661582,-122.1802643
PAST SALE,March-11-2010,Single Family Residential,2214 177th St SE,Bothell,WA,98012,475000,3,2.0,Mays Pond,1264,7405,1976,9,376,29,Pending,,,http://www.redfin.com/WA/Bothell/2214-177th-St-SE-98012/home/2677477,NWMLS,1272501,N,Y,47.8371061,-122.2026426
PAST SALE,October-30-2013,Single Family Residential,17419 14th Dr SE,Bothell,WA,98012,540000,3,2.5,Mill Creek,2019,3580,2007,9,267,31,Pending,,,http://www.redfin.com/WA/Bothell/17419-14th-Dr-SE-98012/unit-12/home/11882768,NWMLS,1272975,N,Y,47.8395998,-122.2126433
PAST SALE,April-13-2016,Single Family Residential,409 203rd Place SE,Bothell,WA,98012,550000,4,2.5,Bothell,1890,3417,2010,9,291,55,Pending,,,http://www.redfin.com/WA/Bothell/409-203rd-Pl-SE-98012/unit-13/home/28902252,NWMLS,1272923,N,Y,47.813648,-122.226219
PAST SALE,October-26-2006,Single Family Residential,4020 167th Place SE,Bothell,WA,98012,718000,4,2.75,Mill Creek,2715,5663,2006,9,264,34,Pending,,,http://www.redfin.com/WA/Bothell/4020-167th-Pl-SE-98012/home/11881175,NWMLS,1260811,N,Y,47.8454554,-122.1781792
PAST SALE,May-9-2005,Condo/Co-op,20326 Bothell Everett Hwy Unit G303,Bothell,WA,98012,250000,2,1.0,Bothell,860,301186,1986,9,291,357,Pending,,,http://www.redfin.com/WA/Bothell/20326-Bothell-Everett-Hwy-98012/unit-G303/home/2910414,NWMLS,1268653,N,Y,47.813465,-122.210683
PAST SALE,June-24-2016,Condo/Co-op,18910 Bothell- Everett Highway Unit C3,Bothell,WA,98012,269000,2,1.5,Thrashers Corner,902,,1988,9,298,385,Pending,,,http://www.redfin.com/WA/Bothell/18910-Bothell-Everett-Hwy-98012/unit-C3/home/2826752,NWMLS,1272282,N,Y,47.8261641,-122.2085214
PAST SALE,September-2-2005,Single Family Residential,2704 144th Ct SE,Mill Creek,WA,98012,715000,4,2.75,Mill Creek,2973,11761,1979,9,240,42,Pending,,,http://www.redfin.com/WA/Mill-Creek/2704-144th-Ct-SE-98012/home/2783670,NWMLS,1271159,N,Y,47.8662006,-122.1959813
PAST SALE,,Single Family Residential,18628 187th. St SE,Bothell,WA,98012,674995,3,2.25,North Creek,1541,3139,2018,10,438,88,Pending,,,http://www.redfin.com/WA/Bothell/18628-187th-St-SE-98012/home/145300794,NWMLS,1272363,N,Y,47.828941,-122.172578
PAST SALE,December-30-2011,Single Family Residential,122 197th St SW,Bothell,WA,98012,550000,4,2.0,Bothell,1964,2965,2007,10,280,33,Pending,,,http://www.redfin.com/WA/Bothell/122-197th-St-SW-98012/unit-35/home/12334208,NWMLS,1272360,N,Y,47.819735,-122.235363
PAST SALE,July-24-2007,Single Family Residential,13921 26th Ave SE,Mill Creek,WA,98012,549000,5,2.5,Mill Creek,2728,10454,1985,10,201,,Pending,,,http://www.redfin.com/WA/Mill-Creek/13921-26th-Ave-SE-98012/home/2803328,NWMLS,1271621,N,Y,47.8715668,-122.1964837
PAST SALE,,Single Family Residential,13420 31st Dr SE,Mill Creek,WA,98012,540000,5,3.0,Mill Creek,1827,6098,1995,10,296,,Pending,,,http://www.redfin.com/WA/Mill-Creek/13420-31st-Dr-SE-98012/home/2844625,NWMLS,1271890,N,Y,47.8754115,-122.1901101
MLS Listing,,Condo/Co-op,15433 Country Club Dr Unit G309,Mill Creek,WA,98012,257500,2,2.0,Mill Creek,927,284025,1991,11,278,569,Active,,,http://www.redfin.com/WA/Mill-Creek/15433-Country-Club-Dr-98012/unit-G309/home/2912602,NWMLS,1271158,N,Y,47.8580859,-122.2081136
PAST SALE,February-12-2015,Single Family Residential,3517 198th St SE,Bothell,WA,98012,695000,3,2.5,Bothell,2142,3485,2015,11,324,85,Pending,,,http://www.redfin.com/WA/Bothell/3517-198th-St-SE-98012/home/105199419,NWMLS,1261905,N,Y,47.818245,-122.1850413
PAST SALE,May-18-2011,Single Family Residential,18711 25th Ave SE,Bothell,WA,98012,599000,4,2.75,North Bothell,2133,12632,1978,11,281,,Pending,,,http://www.redfin.com/WA/Bothell/18711-25th-Ave-SE-98012/home/2780750,NWMLS,1268341,N,Y,47.8279837,-122.1991282
PAST SALE,January-31-2018,Single Family Residential,19429 Meridian Dr SE #3,Bothell,WA,98012,729950,4,2.5,Bothell,2513,3323,2015,14,290,45,Pending,,,http://www.redfin.com/WA/Bothell/19429-Meridian-Dr-SE-98012/unit-3/home/101782863,NWMLS,1270560,N,Y,47.821312,-122.231666
PAST SALE,November-17-2006,Single Family Residential,2615 Seattle Hill Rd,Mill Creek,WA,98012,1125432,4,3.75,Mill Creek,4393,11234,2007,14,256,,Pending,,,http://www.redfin.com/WA/Mill-Creek/2615-Seattle-Hill-Rd-98012/home/22960134,NWMLS,1270454,N,Y,47.8551962,-122.1970853
PAST SALE,,Single Family Residential,4305 187th St SE,Bothell,WA,98012,749995,4,2.25,North Creek,2214,3371,2018,14,339,88,Pending,,,http://www.redfin.com/WA/Bothell/4305-187th-St-SE-98012/home/145281859,NWMLS,1270360,N,Y,47.8281489,-122.195332
MLS Listing,,Single Family Residential,4311 187th St SE,Bothell,WA,98012,735995,4,2.25,North Creek,1876,2646,2018,14,392,85,Active,,,http://www.redfin.com/WA/Bothell/4311-187th-St-SE-98012/home/145281790,NWMLS,1270345,N,Y,47.8281489,-122.195332
MLS Listing,,Single Family Residential,4322 186th Place SE,Bothell,WA,98012,674995,3,2.25,North Creek,1567,3343,2018,14,431,88,Active,,,http://www.redfin.com/WA/Bothell/4322-186th-Pl-SE-98012/home/145281748,NWMLS,1270330,N,Y,47.8283737,-122.1737496
MLS Listing,,Townhouse,1325 Seattle Hill Rd Unit E2,Bothell,WA,98012,598900,3,3.25,Mill Creek,2027,1219,2018,14,295,121,Active,April-21-2018 11:00 AM,April-21-2018 05:00 PM,http://www.redfin.com/WA/Bothell/1325-Seattle-Hill-Rd-98012/unit-E2/home/145103571,NWMLS,1270199,N,Y,47.8450585,-122.2147022
PAST SALE,February-28-2008,Single Family Residential,20212 28th Ave SE,Bothell,WA,98012,689950,3,2.5,Thrashers Corner,2077,7841,1996,14,332,29,Pending,,,http://www.redfin.com/WA/Bothell/20212-28th-Ave-SE-98012/home/2846302,NWMLS,1268763,N,Y,47.8144245,-122.1949791
PAST SALE,December-15-1999,Single Family Residential,15329 14th Dr SE,Mill Creek,WA,98012,850000,5,2.5,Mill Creek,3181,9583,1999,14,267,38,Pending,,,http://www.redfin.com/WA/Mill-Creek/15329-14th-Dr-SE-98012/home/2865335,NWMLS,1269545,N,Y,47.8582139,-122.2134451
PAST SALE,October-21-2016,Single Family Residential,18509 43rd Dr SE,Bothell,WA,98012,750000,4,2.5,North Bothell,2611,3920,2016,14,287,87,Pending,,,http://www.redfin.com/WA/Bothell/18509-43rd-Dr-SE-98012/home/89208157,NWMLS,1270071,N,Y,47.8296914,-122.1737842
PAST SALE,October-23-2001,Single Family Residential,2525 166th Place SE,Bothell,WA,98012,544950,3,3.0,Mill Creek,2100,7405,1984,15,260,,Pending,,,http://www.redfin.com/WA/Bothell/2525-166th-Pl-SE-98012/home/2804526,NWMLS,1270017,N,Y,47.8473896,-122.1976578
PAST SALE,,Single Family Residential,2 199th Place SE,Bothell,WA,98012,439000,3,2.5,Bothell,1527,9583,1987,15,287,,Pending,,,http://www.redfin.com/WA/Bothell/2-199th-Pl-SE-98012/home/2813412,NWMLS,1268618,N,Y,47.8160565,-122.2325119
MLS Listing,,Single Family Residential,100 172 Place SE,Bothell,WA,98012,579950,4,2.5,Martha Lake,2079,6098,1997,15,279,,Active,April-21-2018 01:00 AM,April-21-2018 04:00 AM,http://www.redfin.com/WA/Bothell/100-172nd-Pl-SE-98012/home/2858192,NWMLS,1269220,N,Y,47.841093,-122.2317238
PAST SALE,June-16-2008,Single Family Residential,3816 168th Place SE,Bothell,WA,98012,695000,3,2.5,Mill Creek,2345,4792,2008,15,296,34,Pending,,,http://www.redfin.com/WA/Bothell/3816-168th-Pl-SE-98012/home/21501851,NWMLS,1268645,N,Y,47.8446688,-122.1810014
PAST SALE,December-1-1992,Single Family Residential,4309 196th St SE,Bothell,WA,98012,549888,3,2.0,North Creek,1360,20038,1975,15,404,,Pending,,,http://www.redfin.com/WA/Bothell/4309-196th-St-SE-98012/home/2534016,NWMLS,1269739,N,Y,47.8202092,-122.1747248
PAST SALE,May-27-2003,Single Family Residential,15325 28th Dr SE,Mill Creek,WA,98012,850000,4,2.5,Mill Creek Country Club,2964,10019,1994,15,287,14,Pending,,,http://www.redfin.com/WA/Mill-Creek/15325-28th-Dr-SE-98012/home/2827667,NWMLS,1266999,N,Y,47.8581507,-122.1933468
PAST SALE,March-26-2007,Single Family Residential,18228 34th Ave SE,Bothell,WA,98012,729000,4,2.5,Bothell,2510,7841,2006,15,290,,Pending,,,http://www.redfin.com/WA/Bothell/18228-34th-Ave-SE-98012/home/12490331,NWMLS,1268081,N,Y,47.8319712,-122.1872216
PAST SALE,September-7-2011,Single Family Residential,14930 16th Ave SE,Mill Creek,WA,98012,899000,3,2.5,Mill Creek Country Club,3088,14375,1988,15,291,40,Pending,,,http://www.redfin.com/WA/Mill-Creek/14930-16th-Ave-SE-98012/home/2811797,NWMLS,1258654,N,Y,47.8623921,-122.2103996
MLS Listing,,Single Family Residential,18803 20th Ave SE,Bothell,WA,98012,549980,3,2.5,North Bothell,1710,4356,1995,15,322,91,Contingent,,,http://www.redfin.com/WA/Bothell/18803-20th-Ave-SE-98012/home/2843193,NWMLS,1267810,N,Y,47.8271826,-122.2054198
PAST SALE,,Single Family Residential,4314 137th Place SE,Mill Creek,WA,98012,575000,4,2.5,Seattle Hill,2662,5663,2002,15,216,27,Pending,,,http://www.redfin.com/WA/Mill-Creek/4314-137th-St-SE-98012/home/2891705,NWMLS,1266689,N,Y,47.8735184,-122.173502
PAST SALE,June-25-2014,Single Family Residential,1131 184th Place SE,Bothell,WA,98012,650000,4,2.5,Bothell,2500,5663,2001,15,260,50,Pending,,,http://www.redfin.com/WA/Bothell/1131-184th-Pl-SE-98012/home/2886808,NWMLS,1266862,N,Y,47.8309794,-122.2161586
PAST SALE,August-14-2015,Single Family Residential,3919 138th St SE,Mill Creek,WA,98012,595000,4,2.5,Mill Creek,2431,6098,2002,15,245,27,Pending,,,http://www.redfin.com/WA/Mill-Creek/3919-138th-St-SE-98012/home/2889864,NWMLS,1265300,N,Y,47.8727365,-122.179433
PAST SALE,November-26-2013,Townhouse,2115 201st Place SE Unit P-104,Bothell,WA,98012,479950,3,2.5,North Creek,1773,1742,2013,15,271,175,Pending,,,http://www.redfin.com/WA/Bothell/2115-201st-Pl-SE-98012/unit-P-104/home/54809130,NWMLS,1268825,N,Y,47.8150787,-122.2044451
PAST SALE,February-9-2005,Townhouse,1526 192nd St SE Unit T1,Bothell,WA,98012,249950,2,1.5,Canyon Park,936,297135,1987,15,267,274,Pending,,,http://www.redfin.com/WA/Bothell/1526-192nd-St-SE-98012/unit-T1/home/2833563,NWMLS,1268459,N,Y,47.8233713,-122.2094421
PAST SALE,August-6-1997,Single Family Residential,2211 172nd Place SE,Bothell,WA,98012,479950,3,2.25,Mays Pond,1725,7405,1977,16,278,,Pending,,,http://www.redfin.com/WA/Bothell/2211-172nd-Pl-SE-98012/home/2774547,NWMLS,1269260,N,Y,47.8417299,-122.2026939
PAST SALE,December-15-2015,Single Family Residential,3701 200th Place SE,Bothell,WA,98012,775000,4,2.5,North Creek,2570,3485,2015,16,302,,Pending,,,http://www.redfin.com/WA/Bothell/3701-200th-Pl-SE-98012/home/81586075,NWMLS,1264718,N,Y,47.8161526,-122.1832242
PAST SALE,March-29-2004,Condo/Co-op,2009 196th St SE Unit D204,Bothell,WA,98012,340995,3,2.0,Thrashers Corner,1269,,2000,16,269,377,Pending,,,http://www.redfin.com/WA/Bothell/2009-196th-St-SE-98012/unit-D204/home/2887868,NWMLS,1268726,N,Y,47.821656,-122.2047141
PAST SALE,December-20-2017,Single Family Residential,2031 Timber Trail,Bothell,WA,98012,594000,3,2.25,Mays Pond,1546,7405,1976,16,384,27,Pending,,,http://www.redfin.com/WA/Bothell/2031-Timber-Trl-98012/home/2773902,NWMLS,1267774,N,Y,47.8405587,-122.2039634
MLS Listing,,Single Family Residential,17723 3rd Ave SE,Bothell,WA,98012,649000,4,2.5,North Creek,2264,5663,2016,16,287,60,Active,,,http://www.redfin.com/WA/Bothell/17723-3rd-Ave-SE-98012/home/102880045,NWMLS,1268682,N,Y,47.8361831,-122.227228
PAST SALE,,Single Family Residential,15924 26th Ave SE,Mill Creek,WA,98012,675000,4,3.0,Mill Creek,2417,9583,1987,17,279,12,Pending,,,http://www.redfin.com/WA/Mill-Creek/15924-26th-Ave-SE-98012/home/2811138,NWMLS,1268524,N,Y,47.8531257,-122.1985842
MLS Listing,,Townhouse,2000 Village Green Dr #29,Mill Creek,WA,98012,559950,3,2.5,Mill Creek Country Club,2317,3920,1991,17,242,57,Active,,,http://www.redfin.com/WA/Mill-Creek/2000-Village-Green-Dr-98012/unit-29/home/2812080,NWMLS,1267192,N,Y,47.8657132,-122.2051515
PAST SALE,February-28-2011,Single Family Residential,19126 16th Ave SE,Bothell,WA,98012,549950,4,2.5,North Creek,1864,3326,2011,17,295,40,Pending,,,http://www.redfin.com/WA/Bothell/19126-16th-Ave-SE-98012/unit-2/home/40019514,NWMLS,1267881,N,Y,47.824099,-122.211663
PAST SALE,April-5-2006,Single Family Residential,13414 43rd Ave SE,Mill Creek,WA,98012,469900,3,2.5,Mill Creek,1742,3485,2002,17,270,25,Pending,,,http://www.redfin.com/WA/Mill-Creek/13414-43rd-Ave-SE-98012/home/2891649,NWMLS,1267789,N,Y,47.8756855,-122.1764659
PAST SALE,February-25-2014,Single Family Residential,17001 40th Dr SE,Bothell,WA,98012,750000,4,2.5,North Creek,2583,4788,2014,17,290,49,Pending,,,http://www.redfin.com/WA/Bothell/17001-40th-Dr-SE-98012/home/52682910,NWMLS,1257420,N,Y,47.8434293,-122.1771041
PAST SALE,July-16-2010,Townhouse,18310 38th Dr SE,Bothell,WA,98012,645000,4,2.5,North Bothell,1882,2795,2010,18,343,127,Pending,,,http://www.redfin.com/WA/Bothell/18310-38th-Dr-SE-98012/unit-121/home/22921492,NWMLS,1266842,N,Y,47.8317387,-122.1808315
MLS Listing,,Single Family Residential,18700 43rd Dr SE,Bothell,WA,98012,849995,3,2.5,North Creek,2202,4141,2018,18,386,88,Active,,,http://www.redfin.com/WA/Bothell/18700-43rd-Dr-SE-98012/home/109592990,NWMLS,1267700,N,Y,47.8644793,-122.1733665
PAST SALE,August-1-2007,Condo/Co-op,15433 Country Club Dr Unit F305,Mill Creek,WA,98012,250000,2,2.0,Mill Creek Country Club,978,284025,1991,18,256,594,Pending,,,http://www.redfin.com/WA/Mill-Creek/15433-Country-Club-Dr-98012/unit-F305/home/2912544,NWMLS,1267043,N,Y,47.8580859,-122.2081136
PAST SALE,September-22-2017,Townhouse,18430 20th Dr SE,Bothell,WA,98012,440000,3,2.5,Thrashers Corner,1306,3920,1984,19,337,,Pending,,,http://www.redfin.com/WA/Bothell/18430-20th-Dr-SE-98012/home/2800763,NWMLS,1265902,N,Y,47.830478,-122.204534
PAST SALE,July-14-2011,Single Family Residential,1725 163rd Place SE,Mill Creek,WA,98012,600000,3,2.5,Mill Creek,2206,5663,1997,21,272,133,Pending,,,http://www.redfin.com/WA/Mill-Creek/1725-163rd-Pl-SE-98012/home/2847828,NWMLS,1266367,N,Y,47.8500045,-122.2087444
MLS Listing,,Single Family Residential,13529 Bothell Everett Highway Unit A & B,Mill Creek,WA,98012,450000,2,1.0,Mill Creek,,15682,1952,21,,,Active,,,http://www.redfin.com/WA/Mill-Creek/13529-Bothell-Everett-Hwy-98012/unit-A-B/home/145251006,NWMLS,1266123,N,Y,47.8743454,-122.2143702
MLS Listing,,Mobile/Manufactured Home,2200 196 St SE #39,Bothell,WA,98012,94000,2,1.0,Kennard Corner,1053,,1981,22,89,,Contingent,,,http://www.redfin.com/WA/Bothell/2200-196th-St-SE-98012/unit-39/home/2875017,NWMLS,1265949,N,Y,47.8186196,-122.2033852
PAST SALE,July-16-2015,Single Family Residential,13528 43rd Ave SE,Mill Creek,WA,98012,490000,4,2.5,Mill Creek,1742,4792,2002,22,281,25,Pending,,,http://www.redfin.com/WA/Mill-Creek/13528-43rd-Ave-SE-98012/home/2891673,NWMLS,1265741,N,Y,47.8745821,-122.1747728
PAST SALE,April-1-1989,Single Family Residential,17132 17th Ave SE,Bothell,WA,98012,445000,3,3.25,Mays Pond,1976,7405,1986,22,225,,Pending,,,http://www.redfin.com/WA/Bothell/17132-17th-Ave-SE-98012/home/2809278,NWMLS,1264962,N,Y,47.8419425,-122.2101044
PAST SALE,September-22-2009,Single Family Residential,16911 16th Dr SE,Bothell,WA,98012,659950,3,2.5,Mill Creek,2455,5663,2009,22,269,38,Pending,,,http://www.redfin.com/WA/Bothell/16911-16th-Dr-SE-98012/home/21516679,NWMLS,1259383,N,Y,47.844387,-122.210341
MLS Listing,,Townhouse,16516 1st Dr SE,Bothell,WA,98012,500000,3,2.25,Mill Creek,1915,2178,2011,22,261,153,Active,April-22-2018 01:00 PM,April-22-2018 04:00 PM,http://www.redfin.com/WA/Bothell/16516-1st-Dr-SE-98012/home/45390035,NWMLS,1257327,N,Y,47.847927,-122.23088
PAST SALE,September-27-2002,Condo/Co-op,2009 196th St SE Unit A303,Bothell,WA,98012,310000,2,2.0,Thrashers Corner,924,366781,2000,22,335,273,Pending,,,http://www.redfin.com/WA/Bothell/2009-196th-St-SE-98012/unit-A303/home/2884407,NWMLS,1264626,N,Y,47.821656,-122.2047141
PAST SALE,October-16-2001,Single Family Residential,404 Nellis Rd,Bothell,WA,98012,525000,4,2.5,Canyon Park,2000,12197,1998,22,263,,Pending,,,http://www.redfin.com/WA/Bothell/404-Nellis-Rd-98012/home/2648503,NWMLS,1263193,N,Y,47.811624,-122.2255574
PAST SALE,August-29-2014,Single Family Residential,3319 170th Place SE,Bothell,WA,98012,710000,4,2.5,Bothell,2643,5663,2014,22,269,53,Pending,,,http://www.redfin.com/WA/Bothell/3319-170th-Pl-SE-98012/home/69351629,NWMLS,1263793,N,Y,47.8434139,-122.1877181
PAST SALE,September-28-2012,Townhouse,18505 20th Dr SE,Bothell,WA,98012,400000,2,2.5,Thrashers Corner,1264,3485,1983,22,316,,Pending,,,http://www.redfin.com/WA/Bothell/18505-20th-Dr-SE-98012/home/2800751,NWMLS,1264632,N,Y,47.8300911,-122.2041493
PAST SALE,March-27-2007,Single Family Residential,1415 191st St SE,Bothell,WA,98012,649900,4,2.5,Bothell,2468,5663,2007,22,263,21,Pending,,,http://www.redfin.com/WA/Bothell/1415-191st-St-SE-98012/home/12490454,NWMLS,1265293,N,Y,47.8256651,-122.2143378
PAST SALE,April-10-2013,Single Family Residential,19019 4th Ave SE,Bothell,WA,98012,549000,5,3.0,Floral Hills,2150,3485,2005,22,255,20,Pending,,,http://www.redfin.com/WA/Bothell/19019-4th-Ave-SE-98012/home/2914715,NWMLS,1265559,N,Y,47.8254624,-122.2263538
PAST SALE,June-16-2015,Single Family Residential,16811 23rd Ave SE,Bothell,WA,98012,495000,3,2.0,Mays Pond,1315,9583,1986,23,376,,Pending,,,http://www.redfin.com/WA/Bothell/16811-23rd-Ave-SE-98012/home/2488371,NWMLS,1264341,N,Y,47.8452582,-122.2015808
PAST SALE,September-12-2011,Single Family Residential,16107 39th Ave SE,Bothell,WA,98012,625000,4,2.5,Mill Creek,2203,5663,2006,23,284,,Pending,,,http://www.redfin.com/WA/Bothell/16107-39th-Ave-SE-98012/home/11880937,NWMLS,1265227,N,Y,47.8515986,-122.1795533
PAST SALE,August-16-2013,Condo/Co-op,20316 Bothell Everett Highway Unit R1,Bothell,WA,98012,240000,2,1.0,North Creek,983,,1986,23,244,406,Pending,,,http://www.redfin.com/WA/Bothell/20316-Bothell-Everett-Hwy-98012/unit-R1/home/2910416,NWMLS,1265307,N,Y,47.8134649,-122.2106829
PAST SALE,March-13-2006,Single Family Residential,15508 25th Lane SE,Mill Creek,WA,98012,565000,4,2.5,Mill Creek Country Club,2660,8712,1977,23,212,45,Pending,,,http://www.redfin.com/WA/Mill-Creek/15508-25th-Ln-SE-98012/home/2773891,NWMLS,1265189,N,Y,47.8569923,-122.1982796
PAST SALE,,Townhouse,1325 Seattle Hill Rd Unit G5,Bothell,WA,98012,624900,4,3.5,Mill Creek,2318,2122,2018,23,270,121,Pending,,,http://www.redfin.com/WA/Bothell/1325-Seattle-Hill-Rd-98012/unit-G5/home/145241993,NWMLS,1265007,N,Y,47.8450585,-122.2147021
MLS Listing,,Townhouse,1325 Seattle Hill Rd Unit E1,Bothell,WA,98012,619900,3,3.25,Mill Creek,2235,2205,2018,23,277,121,Active,April-21-2018 11:00 AM,April-21-2018 05:00 PM,http://www.redfin.com/WA/Bothell/1325-Seattle-Hill-Rd-98012/unit-E1/home/145241992,NWMLS,1265018,N,Y,47.8450585,-122.2147021
PAST SALE,September-26-2017,Single Family Residential,15821 23rd Ln SE,Mill Creek,WA,98012,799990,4,2.5,Mill Creek,2778,7841,1976,23,288,40,Pending,,,http://www.redfin.com/WA/Mill-Creek/15821-23rd-Ln-SE-98012/home/2772284,NWMLS,1265049,N,Y,47.8539602,-122.2015105
MLS Listing,,Single Family Residential,328 182nd St SE,Bothell,WA,98012,769950,5,2.75,North Bothell,3392,4884,2018,26,227,20,Active,,,http://www.redfin.com/WA/Bothell/328-182nd-St-SE-98012/home/145230993,NWMLS,1263772,N,Y,47.8330803,-122.2270876
PAST SALE,,Single Family Residential,18312 3rd Dr SE,Bothell,WA,98012,769950,5,2.75,North Bothell,3392,4440,2018,26,227,20,Pending,,,http://www.redfin.com/WA/Bothell/18312-3rd-Dr-SE-98012/home/145230953,NWMLS,1263771,N,Y,47.8315639,-122.2270568
MLS Listing,,Single Family Residential,3606 186th Place SE,Bothell,WA,98012,799000,4,2.5,Bothell,2944,6299,2005,28,271,,Active,,,http://www.redfin.com/WA/Bothell/3606-186th-Pl-SE-98012/home/2914399,NWMLS,1263233,N,Y,47.828169,-122.184467
PAST SALE,August-12-2013,Townhouse,17318 14th Dr SE,Bothell,WA,98012,520000,3,2.5,Mill Creek,2019,3560,2007,28,258,31,Pending,,,http://www.redfin.com/WA/Bothell/17318-14th-Dr-SE-98012/unit-26E/home/11882772,NWMLS,1263186,N,Y,47.8404882,-122.2130989
MLS Listing,,Townhouse,3500 Seattle Hill Rd Unit A,Mill Creek,WA,98012,499900,3,2.5,Mill Creek,1953,9490,1998,28,256,100,Active,April-21-2018 12:00 PM,April-21-2018 03:00 PM,http://www.redfin.com/WA/Mill-Creek/3500-Seattle-Hill-Rd-98012/unit-A/home/2910138,NWMLS,1260723,N,Y,47.860131,-122.185496
MLS Listing,,Condo/Co-op,16101 Bothell Everett Hwy Unit D204,Mill Creek,WA,98012,275000,3,2.0,Mill Creek,1077,,1990,28,255,424,Active,,,http://www.redfin.com/WA/Mill-Creek/16101-Bothell-Everett-Hwy-98012/unit-D204/home/12176353,NWMLS,1259941,N,Y,47.8514059,-122.2160555
PAST SALE,March-29-2002,Single Family Residential,17313 30th Dr SE,Bothell,WA,98012,515000,4,2.25,Mays Pond,2490,10890,1980,28,207,,Pending,,,http://www.redfin.com/WA/Bothell/17313-30th-Dr-SE-98012/home/2787027,NWMLS,1262217,N,Y,47.8406265,-122.1914054
PAST SALE,November-6-2014,Single Family Residential,131 Poppy Rd,Bothell,WA,98012,449950,3,1.0,North Creek,1296,14810,1965,28,347,,Pending,,,http://www.redfin.com/WA/Bothell/131-Poppy-Rd-98012/home/2647965,NWMLS,1262833,N,Y,47.826107,-122.22975
PAST SALE,,Single Family Residential,4310 187th St SE,Bothell,WA,98012,747995,4,2.25,North Creek,1876,3198,2018,29,399,85,Pending,,,http://www.redfin.com/WA/Bothell/4310-187th-St-SE-98012/home/145204615,NWMLS,1262786,N,Y,47.8281489,-122.195332
PAST SALE,,Single Family Residential,18615 46th Ave SE,Bothell,WA,98012,719995,4,3.5,North Creek,2291,3517,2018,29,314,88,Pending,,,http://www.redfin.com/WA/Bothell/18615-46th-Ave-SE-98012/home/145204597,NWMLS,1262784,N,Y,47.8585207,-122.1725709
PAST SALE,,Single Family Residential,18627 46th Ave SE Unit B,Bothell,WA,98012,669995,3,3.5,North Creek,2190,2531,2018,29,306,85,Pending,,,http://www.redfin.com/WA/Bothell/18627-46th-Ave-SE-98012/unit-B/home/145204583,NWMLS,1262779,N,Y,47.8585207,-122.1725709
PAST SALE,,Single Family Residential,4612 186th Place SE Unit A,Bothell,WA,98012,694995,3,3.5,North Creek,2190,4410,2018,29,317,85,Pending,,,http://www.redfin.com/WA/Bothell/4612-186th-Pl-SE-98012/unit-A/home/145204569,NWMLS,1262768,N,Y,47.8283658,-122.1724891
PAST SALE,,Single Family Residential,4523 187th Place SE Unit B,Bothell,WA,98012,669995,3,3.5,North Creek,2190,2085,2018,29,306,85,Pending,,,http://www.redfin.com/WA/Bothell/4523-187th-Pl-SE-98012/unit-B/home/144960362,NWMLS,1262765,N,Y,47.8277508,-122.1859411
PAST SALE,,Single Family Residential,4605 187th Place SE Unit B,Bothell,WA,98012,659995,3,3.5,North Creek,2190,2085,2018,29,301,88,Pending,,,http://www.redfin.com/WA/Bothell/4605-187th-Pl-SE-98012/unit-B/home/145204559,NWMLS,1262761,N,Y,47.8277508,-122.1859411
PAST SALE,,Single Family Residential,4306 187th St SE,Bothell,WA,98012,749995,4,2.25,North Creek,2186,2888,2018,29,343,85,Pending,,,http://www.redfin.com/WA/Bothell/4306-187th-St-SE-98012/home/145204518,NWMLS,1262751,N,Y,47.8281489,-122.195332
PAST SALE,,Single Family Residential,18627 46th Ave SE Unit A,Bothell,WA,98012,669995,3,3.5,North Creek,2190,2531,2018,29,306,85,Pending,,,http://www.redfin.com/WA/Bothell/18627-46th-Ave-SE-98012/unit-A/home/145204507,NWMLS,1262750,N,Y,47.8585207,-122.1725709
PAST SALE,,Single Family Residential,4605 187th Place SE Unit A,Bothell,WA,98012,659995,3,3.5,North Creek,2190,2085,2018,29,301,85,Pending,,,http://www.redfin.com/WA/Bothell/4605-187th-Pl-SE-98012/unit-A/home/145204499,NWMLS,1262746,N,Y,47.8277508,-122.1859411
PAST SALE,,Single Family Residential,4613 187th Place SE Unit A,Bothell,WA,98012,664995,3,3.5,North Creek,2190,2890,2018,29,304,85,Pending,,,http://www.redfin.com/WA/Bothell/4613-187th-Pl-SE-98012/unit-A/home/145204492,NWMLS,1262744,N,Y,47.8277508,-122.1859411
PAST SALE,,Single Family Residential,18531 45th Dr SE,Bothell,WA,98012,557995,2,2.5,North Creek,1396,2621,2018,29,400,85,Pending,,,http://www.redfin.com/WA/Bothell/18531-45th-Dr-SE-98012/home/145204469,NWMLS,1262739,N,Y,47.8289633,-122.1709978
PAST SALE,,Single Family Residential,18609 45th Dr SE,Bothell,WA,98012,552995,2,2.5,North Creek,1396,2389,2018,29,396,85,Pending,,,http://www.redfin.com/WA/Bothell/18609-45th-Dr-SE-98012/home/145204429,NWMLS,1262727,N,Y,47.8161589,-122.1713449
PAST SALE,,Townhouse,14915 38th Dr SE Unit S1148,Bothell,WA,98012,339888,3,2.25,Mill Creek,1570,399159,2007,29,216,423,Pending,,,http://www.redfin.com/WA/Bothell/14915-38th-Dr-SE-98012/unit-S1148/home/145204417,NWMLS,1258042,N,Y,47.8622783,-122.1798301
PAST SALE,March-26-2008,Condo/Co-op,19102 20th Dr SE Unit B204,Bothell,WA,98012,310000,2,1.75,Bothell,1125,154033,2007,29,276,168,Pending,,,http://www.redfin.com/WA/Bothell/19102-20th-Dr-SE-98012/unit-B204/home/16878965,NWMLS,1260885,N,Y,47.8247869,-122.2060599
MLS Listing,,Single Family Residential,19008 3rd Dr SE,Bothell,WA,98012,629000,5,3.0,Thrashers Corner,2192,3485,2005,29,287,,Active,,,http://www.redfin.com/WA/Bothell/19008-3rd-Dr-SE-98012/home/2914688,NWMLS,1262141,N,Y,47.8255421,-122.2280172
PAST SALE,August-31-2006,Single Family Residential,18609 10th Ave SE,Bothell,WA,98012,450000,3,2.5,Bothell,1513,4000,2004,29,297,60,Pending,,,http://www.redfin.com/WA/Bothell/18609-10th-Ave-SE-98012/unit-32/home/2913305,NWMLS,1262521,N,Y,47.8290333,-122.2185291
PAST SALE,,Condo/Co-op,15608 Country Club Drive Unit A,Mill Creek,WA,98012,579900,4,2.5,Mill Creek Country Club,2200,,2003,29,264,410,Pending,,,http://www.redfin.com/WA/Mill-Creek/15608-Country-Club-Dr-98012/unit-A/home/145199893,NWMLS,1260025,N,Y,47.855584,-122.207234
PAST SALE,February-6-2015,Single Family Residential,17224 39th Dr SE,Bothell,WA,98012,824900,5,2.75,Bothell,2583,4792,2015,29,319,50,Pending,,,http://www.redfin.com/WA/Bothell/17224-39th-Dr-SE-98012/home/56227337,NWMLS,1253723,N,Y,47.8410567,-122.1798996
PAST SALE,June-26-2015,Single Family Residential,17417 3rd Ave SE,Bothell,WA,98012,700000,4,3.25,Bothell,3097,3485,2015,29,226,60,Pending,,,http://www.redfin.com/WA/Bothell/17417-3rd-Ave-SE-98012/home/105199260,NWMLS,1258450,N,Y,47.8397514,-122.2272947
PAST SALE,,Single Family Residential,16624 26th Ave SE,Bothell,WA,98012,539950,4,3.0,Mill Creek,2100,6534,1986,30,257,,Pending,,,http://www.redfin.com/WA/Bothell/16624-26th-Ave-SE-98012/home/2804541,NWMLS,1260671,N,Y,47.8467638,-122.1974608
PAST SALE,August-20-2010,Single Family Residential,18521 41st Dr SE,Bothell,WA,98012,649990,3,2.5,Bothell,2120,3485,2009,30,307,49,Pending,,,http://www.redfin.com/WA/Bothell/18521-41st-Dr-SE-98012/home/21500951,NWMLS,1260851,N,Y,47.829328,-122.176747
PAST SALE,December-27-2002,Single Family Residential,15605 22nd Ct SE,Mill Creek,WA,98012,649000,4,2.75,Mill Creek,2612,8712,1978,30,248,40,Pending,,,http://www.redfin.com/WA/Mill-Creek/15605-22nd-Ct-SE-98012/home/2772249,NWMLS,1257854,N,Y,47.8559093,-122.2033823
PAST SALE,January-29-2004,Single Family Residential,15526 30th Ave SE,Mill Creek,WA,98012,950000,4,2.5,Mill Creek,3509,7405,1998,30,271,29,Pending,,,http://www.redfin.com/WA/Mill-Creek/15526-30th-Ave-SE-98012/home/2861711,NWMLS,1260709,N,Y,47.8566579,-122.1923505
PAST SALE,,Single Family Residential,18033 33rd Dr SE,Bothell,WA,98012,625000,3,2.5,Bothell,1808,3049,2015,30,346,60,Pending,,,http://www.redfin.com/WA/Bothell/18033-33rd-Dr-SE-98012/home/109592814,NWMLS,1257290,N,Y,47.8339148,-122.1875986
PAST SALE,,Townhouse,17917 19th Ave SE #21,Bothell,WA,98012,499950,4,2.5,Bothell,2570,2760,2007,31,195,41,Pending,,,http://www.redfin.com/WA/Mill-Creek/17917-19th-Ave-SE-98012/unit-21/home/11884026,NWMLS,1261358,N,Y,47.8350056,-122.2066034
PAST SALE,February-22-2013,Single Family Residential,4717 132nd Place SE,Mill Creek,WA,98012,449900,3,1.75,Seattle Hill,1473,9585,1980,31,305,,Pending,,,http://www.redfin.com/WA/Mill-Creek/4717-132nd-Pl-SE-98012/home/2791907,NWMLS,1260682,N,Y,47.8774758,-122.1686848
PAST SALE,February-27-2009,Single Family Residential,3613 183rd St SE,Bothell,WA,98012,629950,4,2.5,North Bothell,2269,3049,2009,31,278,107,Pending,,,http://www.redfin.com/WA/Bothell/3613-183rd-St-SE-98012/unit-61/home/12176987,NWMLS,1250781,N,Y,47.8321627,-122.1844156
PAST SALE,July-13-2005,Townhouse,18516 20th Dr SE,Bothell,WA,98012,375750,2,2.5,Thrashers Corner,1264,3485,1983,31,297,,Pending,,,http://www.redfin.com/WA/Bothell/18516-20th-Dr-SE-98012/home/2800771,NWMLS,1254851,N,Y,47.8299113,-122.2047654
PAST SALE,,Single Family Residential,18206 3rd Dr SE,Bothell,WA,98012,769950,5,2.75,North Bothell,3392,4440,2017,32,227,20,Pending,,,http://www.redfin.com/WA/Bothell/18206-3rd-Dr-SE-98012/home/145168404,NWMLS,1260748,N,Y,47.8332472,-122.227436
MLS Listing,,Single Family Residential,TBD SW #3,Bothell,WA,98012,914950,5,4.0,Bothell,3862,4778,2018,34,237,,Active,,,http://www.redfin.com/WA/Bothell/TBD-SW-98012/unit-3/home/145141494,NWMLS,1259145,N,Y,47.836694,-122.229018
MLS Listing,,Single Family Residential,111 178th St SW #1,Bothell,WA,98012,819950,5,3.5,Bothell,3222,4425,2018,35,254,,Active,,,http://www.redfin.com/WA/Bothell/111-178th-Pl-SE-98012/unit-1/home/145134970,NWMLS,1259138,N,Y,47.835732,-122.1850121
PAST SALE,,Condo/Co-op,18930 Bothell Everett Hwy Unit H-102,Bothell,WA,98012,198000,1,1.0,North Creek,488,,1998,35,406,201,Pending,,,http://www.redfin.com/WA/Bothell/18930-Bothell-Everett-Hwy-98012/unit-H102/home/12104332,NWMLS,1259419,N,Y,47.8248163,-122.2090983
MLS Listing,,Single Family Residential,216 178th St SW #10,Bothell,WA,98012,884950,4,3.5,Bothell,3395,5635,2018,35,261,,Active,,,http://www.redfin.com/WA/Bothell/216-178th-St-SW-98012/unit-10/home/145134695,NWMLS,1259149,N,Y,47.837108,-122.2369999
PAST SALE,,Single Family Residential,212 178th St SW #11,Bothell,WA,98012,784950,5,3.0,Bothell,2825,4583,2018,35,278,,Pending,,,http://www.redfin.com/WA/Bothell/212-178th-St-SW-98012/unit-11/home/145134655,NWMLS,1259157,N,Y,47.837108,-122.2369999
PAST SALE,June-30-2005,Single Family Residential,2521 201st St SE,Bothell,WA,98012,825000,4,2.5,Thrashers Corner,2785,6534,2002,35,296,,Pending,,,http://www.redfin.com/WA/Bothell/2521-201st-St-SE-98012/home/2868830,NWMLS,1257059,N,Y,47.8156707,-122.1982657
PAST SALE,,Single Family Residential,316 158th St SE,Bothell,WA,98012,455000,4,2.25,Mill Creek,1667,9583,1968,35,273,,Pending,,,http://www.redfin.com/WA/Bothell/316-158th-St-SE-98012/home/2643040,NWMLS,1259462,N,Y,47.8545492,-122.2271889
PAST SALE,March-31-2014,Condo/Co-op,16101 Bothell Everett HWY Unit D201,Mill Creek,WA,98012,270000,3,2.0,Mill Creek,1077,264945,1990,35,251,596,Pending,,,http://www.redfin.com/WA/Mill-Creek/16101-Bothell-Everett-Hwy-98012/unit-D201/home/12176350,NWMLS,1257620,N,Y,47.8514059,-122.2160555
PAST SALE,November-19-2010,Townhouse,2115 201st Place SE Unit J1,Bothell,WA,98012,498000,3,2.5,Bothell,1875,,2007,35,266,191,Pending,,,http://www.redfin.com/WA/Bothell/2115-201st-Pl-SE-98012/unit-J1/home/21500436,NWMLS,1258657,N,Y,47.8165122,-122.2049606
PAST SALE,May-4-2016,Single Family Residential,16403 25th Ave SE,Bothell,WA,98012,485000,4,2.25,Mays Pond,1782,6970,1980,36,272,,Pending,,,http://www.redfin.com/WA/Bothell/16403-25th-Ave-SE-98012/home/2792296,NWMLS,1257960,N,Y,47.8493383,-122.1988781
PAST SALE,,Condo/Co-op,19420 2nd Ave W #22,Bothell,WA,98012,794995,4,2.5,Martha Lake,2606,3541,2018,36,305,68,Pending,,,http://www.redfin.com/WA/Bothell/19420-2nd-Ave-SE-98012/unit-22/home/145130291,NWMLS,1257637,N,Y,47.8215295,-122.2297205
PAST SALE,August-31-2014,Single Family Residential,18531 42nd Ave SE,Bothell,WA,98012,630000,3,2.5,Bothell,2115,4356,2007,36,298,49,Pending,,,http://www.redfin.com/WA/Bothell/18531-42nd-Ave-SE-98012/home/12489288,NWMLS,1258532,N,Y,47.8290121,-122.1758226
PAST SALE,,Single Family Residential,18717 13th Dr SE,Bothell,WA,98012,679950,4,2.5,Bothell,2402,4792,2004,36,283,30,Pending,,,http://www.redfin.com/WA/Bothell/18717-13th-Dr-SE-98012/home/2910615,NWMLS,1254540,N,Y,47.8280178,-122.2138213
PAST SALE,June-1-1988,Single Family Residential,19011 27th Dr SE,Bothell,WA,98012,625000,4,2.75,Bothell,2214,10019,1978,36,282,,Pending,,,http://www.redfin.com/WA/Bothell/19011-27th-Dr-SE-98012/home/2778804,NWMLS,1251861,N,Y,47.8251234,-122.1955085
PAST SALE,March-23-2011,Single Family Residential,13924 33rd Dr SE,Mill Creek,WA,98012,625000,4,2.75,Mill Creek,2231,3048,2011,37,280,,Pending,,,http://www.redfin.com/WA/Mill-Creek/13924-33rd-Dr-SE-98012/home/35613192,NWMLS,1257165,N,Y,47.8708171,-122.1873483
PAST SALE,July-23-2008,Townhouse,13400 Dumas Road Unit G6,Mill Creek,WA,98012,349500,3,2.5,Mill Creek,1529,,1997,37,229,406,Pending,,,http://www.redfin.com/WA/Mill-Creek/13400-Dumas-Rd-98012/unit-G6/home/2869827,NWMLS,1254629,N,Y,47.8769371,-122.216853
PAST SALE,June-30-2014,Single Family Residential,220 175th Place SW,Bothell,WA,98012,599950,3,2.25,Bothell,2696,12197,1983,37,223,,Pending,,,http://www.redfin.com/WA/Bothell/220-175th-Pl-SW-98012/home/2647218,NWMLS,1257192,N,Y,47.8390814,-122.2367661
PAST SALE,February-3-2016,Single Family Residential,17813 35th Dr SE #3028,Bothell,WA,98012,675000,4,2.75,Bothell,2423,2800,2015,38,279,56,Pending,,,http://www.redfin.com/WA/Bothell/17813-35th-Dr-SE-98012/unit-3028/home/59706556,NWMLS,1257268,N,Y,47.836086,-122.1849175
PAST SALE,June-3-2009,Single Family Residential,19430 25th Dr SE #9,Bothell,WA,98012,545000,3,2.5,Bothell,1704,3023,2009,39,320,21,Pending,,,http://www.redfin.com/WA/Bothell/19430-25th-Dr-SE-98012/unit-9/home/18775611,NWMLS,1251163,N,Y,47.8213064,-122.1987815
PAST SALE,July-26-2016,Single Family Residential,18704 40th Ave SE,Bothell,WA,98012,840000,4,3.0,North Creek,3042,4356,2016,39,276,40,Pending,,,http://www.redfin.com/WA/Bothell/18704-40th-Ave-SE-98012/home/112744880,NWMLS,1255682,N,Y,47.8279329,-122.1793257
PAST SALE,,Single Family Residential,17818 41st Dr SE Unit PND10,Bothell,WA,98012,718990,4,2.5,Bothell,2050,3200,2018,41,351,96,Pending,,,http://www.redfin.com/WA/Bothell/17818-41st-Dr-SE-98012/unit-PND10/home/145116351,NWMLS,1256358,N,Y,47.8502585,-122.1768566
MLS Listing,,Multi-Family (2-4 Unit),20532 Greening Road,Bothell,WA,98012,700000,4,2.0,Bothell,,14810,1984,42,,,Active,,,http://www.redfin.com/WA/Bothell/20532-Greening-Rd-98012/home/2793827,NWMLS,1256048,N,Y,47.8117016,-122.2221606
PAST SALE,August-19-2011,Condo/Co-op,13911 13th Dr SE Unit J,Mill Creek,WA,98012,400000,3,2.0,Mill Creek,1375,90372,1989,43,291,332,Pending,,,http://www.redfin.com/WA/Mill-Creek/13911-13th-Dr-SE-98012/unit-J/home/2820848,NWMLS,1251823,N,Y,47.8716756,-122.2140864
PAST SALE,,Single Family Residential,18226 3rd Dr SE,Bothell,WA,98012,749950,5,2.5,North Bothell,3392,4440,2017,46,221,20,Pending,,,http://www.redfin.com/WA/Bothell/18226-3rd-Dr-SE-98012/home/145075902,NWMLS,1253516,N,Y,47.832268,-122.227374
PAST SALE,February-5-2010,Single Family Residential,17701 Brook Blvd,Bothell,WA,98012,499950,5,1.75,Mays Pond,1888,7841,1972,46,265,28,Pending,,,http://www.redfin.com/WA/Bothell/17701-Brook-Blvd-98012/home/2677465,NWMLS,1252988,N,Y,47.8371915,-122.2040152
PAST SALE,,Condo/Co-op,102 194th Place SW #10,Bothell,WA,98012,674995,3,2.25,Bothell,2084,3400,2018,47,324,68,Pending,,,http://www.redfin.com/WA/Bothell/102-194th-Pl-SW-98012/unit-10/home/145061087,NWMLS,1252532,N,Y,47.8215326,-122.2354704
PAST SALE,,Condo/Co-op,104 194th Place SW #09,Bothell,WA,98012,779995,5,3.25,Bothell,2682,4250,2018,48,291,68,Pending,,,http://www.redfin.com/WA/Bothell/104-194th-Pl-SW-98012/unit-09/home/145031602,NWMLS,1252496,N,Y,47.8215326,-122.2354704
PAST SALE,December-1-1991,Single Family Residential,18606 28th Ave SE,Bothell,WA,98012,850000,4,2.5,North Creek,2925,25700,1989,49,291,21,Pending,,,http://www.redfin.com/WA/Bothell/18606-28th-Ave-SE-98012/home/2815374,NWMLS,1251736,N,Y,47.8290417,-122.1958199
PAST SALE,,Townhouse,1325 Seattle Hill Rd Unit G2,Bothell,WA,98012,637900,4,3.5,Mill Creek,2318,2122,2018,49,275,121,Pending,,,http://www.redfin.com/WA/Bothell/1325-Seattle-Hill-Rd-98012/unit-G2/home/145006656,NWMLS,1252026,N,Y,47.8450585,-122.2147022
PAST SALE,July-25-2014,Single Family Residential,16907 40th Ave SE,Bothell,WA,98012,875000,5,2.75,North Creek,3246,4792,2014,49,270,,Pending,,,http://www.redfin.com/WA/Bothell/16907-40th-Ave-SE-98012/home/52328819,NWMLS,1248575,N,Y,47.8440614,-122.1778293
MLS Listing,,Single Family Residential,19218 Sprague Dr,Bothell,WA,98012,724900,3,2.0,Thrashers Corner,3000,48787,1984,50,242,,Active,April-21-2018 11:00 AM,April-21-2018 04:00 PM,http://www.redfin.com/WA/Bothell/19218-Sprague-Dr-98012/home/2648133,NWMLS,1244919,N,Y,47.8238429,-122.222889
PAST SALE,,Single Family Residential,16912 3rd Ave SE Unit B,Bothell,WA,98012,534950,3,2.5,Mill Creek,1561,11861,2017,51,343,90,Pending,,,http://www.redfin.com/WA/Bothell/16912-3rd-Ave-SE-98012/unit-B/home/144960241,NWMLS,1251348,N,Y,47.8445263,-122.2295808
PAST SALE,June-30-1999,Townhouse,1526 192nd St SE Unit M1,Bothell,WA,98012,225000,2,1.5,Canyon Park,935,297135,1987,51,241,274,Pending,,,http://www.redfin.com/WA/Bothell/1526-192nd-St-SE-98012/unit-M1/home/2833498,NWMLS,1250984,N,Y,47.8233713,-122.2094421
PAST SALE,April-27-2000,Single Family Residential,19117 30th Dr SE,Bothell,WA,98012,648950,4,2.5,Bothell,2208,4792,2000,51,294,25,Pending,,,http://www.redfin.com/WA/Bothell/19117-30th-Dr-SE-98012/home/2881649,NWMLS,1250113,N,Y,47.8244565,-122.191468
MLS Listing,,Mobile/Manufactured Home,20501 32nd Dr SE,Bothell,WA,98012,199950,2,1.75,Canyon Park,1639,6970,1971,51,122,150,Active,,,http://www.redfin.com/WA/Bothell/20501-32nd-Dr-SE-98012/home/2660784,NWMLS,1244612,N,Y,47.8118408,-122.189109
MLS Listing,,Single Family Residential,18704 43rd Dr SE,Bothell,WA,98012,949995,3,2.5,North Creek,2496,4814,2018,52,381,88,Active,,,http://www.redfin.com/WA/Bothell/18704-43rd-Dr-SE-98012/home/109593042,NWMLS,1251051,N,Y,47.8278375,-122.1744016
PAST SALE,,Townhouse,1325 Seattle Hill Rd Unit E5,Bothell,WA,98012,624900,3,3.25,Mill Creek,2235,1550,2018,56,280,121,Pending,,,http://www.redfin.com/WA/Bothell/1325-Seattle-Hill-Rd-98012/unit-E5/home/144913935,NWMLS,1249131,N,Y,47.8450585,-122.2147022
PAST SALE,March-4-2005,Condo/Co-op,20322 Bothell Everett Hwy Unit E102,Bothell,WA,98012,263950,2,1.0,Thrashers Corner,860,301186,1986,57,307,357,Pending,,,http://www.redfin.com/WA/Bothell/20322-Bothell-Everett-Hwy-98012/unit-E102/home/2910381,NWMLS,1248952,N,Y,47.813465,-122.210683
PAST SALE,,Single Family Residential,18528 43rd Dr SE,Bothell,WA,98012,699995,3,2.25,North Creek,1541,3288,2017,58,454,85,Pending,,,http://www.redfin.com/WA/Bothell/18528-43rd-Dr-SE-98012/home/109185356,NWMLS,1248706,N,Y,47.8289647,-122.1742899
MLS Listing,,Single Family Residential,18111 Baldwin Rd Unit GP 21,Bothell,WA,98012,899990,4,3.25,North Creek,3402,4423,2018,60,265,20,Active,April-21-2018 12:00 PM,April-21-2018 04:00 PM,http://www.redfin.com/WA/Bothell/18111-Baldwin-Rd-98012/unit-GP-21/home/144900593,NWMLS,1247578,N,Y,47.833446,-122.229071
PAST SALE,,Condo/Co-op,108 194th Place SW #08,Bothell,WA,98012,781000,4,2.5,Bothell,2632,3400,2018,62,297,68,Pending,,,http://www.redfin.com/WA/Bothell/108-194th-Pl-SW-98012/unit-08/home/144886840,NWMLS,1246300,N,Y,47.8215326,-122.2354704
PAST SALE,,Townhouse,1325 Seattle Hill Rd Unit G3,Bothell,WA,98012,639900,4,3.5,Mill Creek,2318,1993,2018,63,276,121,Pending,,,http://www.redfin.com/WA/Bothell/1325-Seattle-Hill-Rd-98012/unit-G3/home/144881828,NWMLS,1246387,N,Y,47.8450585,-122.2147022
PAST SALE,,Condo/Co-op,107 194th Place SW #11,Bothell,WA,98012,807995,4,2.5,Bothell,3308,4250,2018,64,244,68,Pending,,,http://www.redfin.com/WA/Bothell/107-194th-Pl-SW-98012/unit-11/home/144878331,NWMLS,1246258,N,Y,47.8215326,-122.2354704
PAST SALE,,Condo/Co-op,18930 Bothell Everett Hwy Unit G205,Bothell,WA,98012,244950,1,1.0,North Creek,691,552636,1998,64,354,283,Pending,,,http://www.redfin.com/WA/Bothell/18930-Bothell-Everett-Hwy-98012/unit-G205/home/12176176,NWMLS,1246113,N,Y,47.8248163,-122.2090983
PAST SALE,June-19-2015,Single Family Residential,15814 34th Ave SE,Mill Creek,WA,98012,889950,4,2.5,Mill Creek,3388,7405,1997,65,263,25,Pending,,,http://www.redfin.com/WA/Mill-Creek/15814-34th-Ave-SE-98012/home/2850255,NWMLS,1244400,N,Y,47.854083,-122.1884975
MLS Listing,,Single Family Residential,17816 Clover Rd,Bothell,WA,98012,1500000,0,,Mill Creek,1653,133729,1976,69,907,,Active,,,http://www.redfin.com/WA/Bothell/17816-Clover-Rd-98012/home/2647318,NWMLS,1244243,N,Y,47.8364192,-122.2301161
MLS Listing,,Vacant Land,17922 SE 25th Dr,Bothell,WA,98012,55000,0,,Bothell,,8712,,70,,,Active,,,http://www.redfin.com/WA/Bothell/17922-25th-Dr-SE-98012/home/52837722,NWMLS,1243870,N,Y,47.834854,-122.198947
PAST SALE,,Townhouse,1325 Seattle Hill Rd Unit E4,Bothell,WA,98012,599900,3,3.0,Mill Creek,2027,1219,2018,70,296,121,Pending,,,http://www.redfin.com/WA/Bothell/1325-Seattle-Hill-Rd-98012/unit-E4/home/144836667,NWMLS,1243588,N,Y,47.8450585,-122.2147022
PAST SALE,,Single Family Residential,102 174th Place SW,Bothell,WA,98012,765950,5,2.75,Bothell,2723,5737,2017,71,281,81,Pending,,,http://www.redfin.com/WA/Bothell/102-174th-St-SW-98012/home/144835018,NWMLS,1241823,N,Y,47.8403971,-122.2346614
PAST SALE,,Single Family Residential,24 174th Place SW,Bothell,WA,98012,782950,5,2.75,Bothell,2979,7311,2017,71,263,81,Pending,,,http://www.redfin.com/WA/Bothell/24-174th-St-SW-98012/home/144835017,NWMLS,1241828,N,Y,47.8404047,-122.2340941
PAST SALE,August-6-2007,Mobile/Manufactured Home,2200 SE 196th st #73,Bothell,WA,98012,128500,3,2.0,Bothell,935,,2017,71,137,,Pending,,,http://www.redfin.com/WA/Bothell/2200-196th-St-SE-98012/unit-73/home/2875060,NWMLS,1243108,N,Y,47.8186196,-122.2033852
PAST SALE,October-28-2013,Single Family Residential,15012 16th Ave SE,Mill Creek,WA,98012,1099000,4,3.0,Evergreen,3833,12197,1990,72,287,39,Pending,,,http://www.redfin.com/WA/Mill-Creek/15012-16th-Ave-SE-98012/home/2811791,NWMLS,1243051,N,Y,47.8617978,-122.2097587
PAST SALE,,Single Family Residential,28 174th Place SW,Bothell,WA,98012,739950,5,2.75,Bothell,2587,5254,2017,74,286,81,Pending,,,http://www.redfin.com/WA/Bothell/28-174th-St-SW-98012/home/144823873,NWMLS,1241497,N,Y,47.8404027,-122.2342414
PAST SALE,,Condo/Co-op,110 194th Place SW #07,Bothell,WA,98012,780500,5,3.25,Bothell,2682,4250,2018,75,291,68,Pending,,,http://www.redfin.com/WA/Bothell/110-194th-Pl-SW-98012/unit-07/home/144815998,NWMLS,1241476,N,Y,47.8215326,-122.2354704
PAST SALE,,Single Family Residential,17530 3rd Ave SE #52,Bothell,WA,98012,759995,5,3.5,Martha Lake,3326,5675,2018,77,229,82,Pending,,,http://www.redfin.com/WA/Bothell/17530-3rd-Ave-SE-98012/unit-52/home/144800357,NWMLS,1240885,N,Y,47.8407906,-122.2276293
PAST SALE,,Single Family Residential,18721 46th Ave SE,Bothell,WA,98012,720995,4,2.25,North Creek,1876,2969,2018,79,384,85,Pending,,,http://www.redfin.com/WA/Bothell/18721-46th-Ave-SE-98012/home/144796076,NWMLS,1240231,N,Y,47.828913,-122.172253
MLS Listing,,Single Family Residential,18728 46th Ave SE,Bothell,WA,98012,719995,4,2.25,North Creek,1838,2810,2018,79,392,88,Active,,,http://www.redfin.com/WA/Bothell/18728-46th-Ave-SE-98012/home/144671397,NWMLS,1240229,N,Y,47.828913,-122.172253
PAST SALE,,Single Family Residential,18603 45th Dr SE,Bothell,WA,98012,779995,4,3.5,North Creek,2600,2562,2018,79,300,88,Pending,,,http://www.redfin.com/WA/Bothell/18603-45th-Dr-SE-98012/home/144796030,NWMLS,1240214,N,Y,47.8161589,-122.1713449
PAST SALE,,Single Family Residential,18617 45th Dr SE,Bothell,WA,98012,699995,4,3.5,North Creek,2291,2583,2018,79,306,88,Pending,,,http://www.redfin.com/WA/Bothell/18617-45th-Dr-SE-98012/home/144795998,NWMLS,1240205,N,Y,47.8161589,-122.1713449
PAST SALE,,Single Family Residential,18621 45th Dr SE,Bothell,WA,98012,779995,4,3.5,North Creek,2600,2583,2018,79,300,88,Pending,,,http://www.redfin.com/WA/Bothell/18621-45th-Dr-SE-98012/home/144795987,NWMLS,1240203,N,Y,47.8161589,-122.1713449
PAST SALE,,Single Family Residential,18521 46th Ave SE,Bothell,WA,98012,724995,4,3.5,North Creek,2291,3499,2018,79,316,88,Pending,,,http://www.redfin.com/WA/Bothell/18521-46th-Ave-SE-98012/home/144795874,NWMLS,1240168,N,Y,47.8585207,-122.1725709
PAST SALE,,Single Family Residential,18619 46th Ave SE,Bothell,WA,98012,724995,4,3.5,North Creek,2301,3499,2018,79,315,88,Pending,,,http://www.redfin.com/WA/Bothell/18619-46th-Ave-SE-98012/home/144795802,NWMLS,1240151,N,Y,47.8585207,-122.1725709
PAST SALE,,Single Family Residential,18812 10th Dr SE Lot 7,Bothell,WA,98012,829990,5,2.75,North Creek,2704,18731,2018,86,307,,Pending,,,http://www.redfin.com/WA/Bothell/18812-10th-Dr-SE-98012/unit-7/home/145335049,NWMLS,1237045,N,Y,47.8273768,-122.2190769
PAST SALE,,Single Family Residential,18218 3rd Dr SE,Bothell,WA,98012,759950,5,2.5,North Bothell,3392,4440,2017,88,224,20,Pending,,,http://www.redfin.com/WA/Bothell/18218-3rd-Dr-SE-98012/home/144759643,NWMLS,1236702,N,Y,47.8317066,-122.2270597
PAST SALE,,Single Family Residential,18304 3rd Dr SE,Bothell,WA,98012,769950,5,2.75,North Bothell,3392,4440,2017,88,227,20,Pending,,,http://www.redfin.com/WA/Bothell/18304-3rd-Dr-SE-98012/home/144759629,NWMLS,1236696,N,Y,47.8317066,-122.2270597
MLS Listing,,Single Family Residential,18316 3rd Dr SE,Bothell,WA,98012,729950,3,2.5,North Bothell,2450,4249,2018,88,298,20,Active,,,http://www.redfin.com/WA/Bothell/18316-3rd-Dr-SE-98012/home/144759611,NWMLS,1236689,N,Y,47.8317066,-122.2270597
PAST SALE,,Single Family Residential,4606 187th Place SE,Bothell,WA,98012,649995,3,2.25,North Creek,1541,3224,2018,92,422,85,Pending,,,http://www.redfin.com/WA/Bothell/4606-187th-Pl-SE-98012/home/144720920,NWMLS,1235268,N,Y,47.8277508,-122.1859411
PAST SALE,,Vacant Land,17007 35th Ave SE,Mill Creek,WA,98012,1390000,0,,North Bothell,,101788,,93,,,Pending,,,http://www.redfin.com/WA/Bothell/17007-35th-Ave-SE-98012/home/2495020,NWMLS,1231269,N,Y,47.843126,-122.1835614
PAST SALE,,Townhouse,1325 Seattle Hill Rd Unit C5,Bothell,WA,98012,576900,4,3.5,Mill Creek,2318,2975,2018,98,249,121,Pending,,,http://www.redfin.com/WA/Bothell/1325-Seattle-Hill-Rd-98012/unit-C5/home/144673594,NWMLS,1232999,N,Y,47.8450585,-122.2147022
PAST SALE,,Single Family Residential,20 174th Place SW,Bothell,WA,98012,755950,5,2.75,Bothell,2723,6226,2017,99,278,81,Pending,,,http://www.redfin.com/WA/Bothell/20-174th-Pl-SW-98012/home/144671036,NWMLS,1232594,N,Y,47.8403853,-122.234
MLS Listing,,Single Family Residential,14830 17th Ct SE,Mill Creek,WA,98012,1080000,4,2.5,Mill Creek Country Club,3939,13505,1989,99,274,41,Contingent,,,http://www.redfin.com/WA/Mill-Creek/14830-17th-Ct-SE-98012/home/2811900,NWMLS,1232283,N,Y,47.8630532,-122.2095247
PAST SALE,,Single Family Residential,18705 45th. Ave SE,Bothell,WA,98012,887995,3,2.5,North Creek,2496,4476,2018,104,356,88,Pending,,,http://www.redfin.com/WA/Bothell/18705-45th-Ave-SE-98012/home/144654454,NWMLS,1231183,N,Y,47.8289,-122.1723
PAST SALE,,Single Family Residential,18324 3rd Dr SE,Bothell,WA,98012,729950,3,2.5,North Bothell,2450,3014,2018,120,298,20,Pending,,,http://www.redfin.com/WA/Bothell/18324-3rd-Dr-SE-98012/home/144541577,NWMLS,1228017,N,Y,47.8317066,-122.2270597
MLS Listing,,Single Family Residential,18725 46th Ave SE,Bothell,WA,98012,757995,5,2.75,North Creek,2186,4102,2018,129,347,88,Active,,,http://www.redfin.com/WA/Bothell/18725-46th-Ave-SE-98012/home/144476811,NWMLS,1225786,N,Y,47.828913,-122.172253
PAST SALE,,Single Family Residential,4313 186th Place SE,Bothell,WA,98012,769995,4,2.25,North Creek,2214,3485,2018,129,348,88,Pending,,,http://www.redfin.com/WA/Bothell/4313-186th-Pl-SE-98012/home/114094465,NWMLS,1225763,N,Y,47.828913,-122.172253
PAST SALE,,Single Family Residential,4319 186th Place SE,Bothell,WA,98012,698995,3,2.25,North Creek,1567,3459,2018,129,446,88,Pending,,,http://www.redfin.com/WA/Bothell/4319-186th-Pl-SE-98012/home/144476587,NWMLS,1225744,N,Y,47.828913,-122.172253
PAST SALE,,Single Family Residential,21815 34th Dr SE #16,Bothell,WA,98021,1344850,5,4.75,Canyon Park,4236,9602,2017,131,317,80,Pending,,,http://www.redfin.com/WA/Bothell/21815-34th-Dr-SE-98012/unit-16/home/144468686,NWMLS,1225261,N,Y,47.809563,-122.186833
PAST SALE,,Single Family Residential,2531 187th Place SE,Bothell,WA,98012,699000,3,2.25,North Creek,1827,44431,1978,135,383,,Pending,,,http://www.redfin.com/WA/Bothell/2531-187th-Pl-SE-98012/home/2780751,NWMLS,1224413,N,Y,47.827929,-122.1977949
MLS Listing,,Single Family Residential,19813 23rd Dr SE,Bothell,WA,98012,850000,3,1.0,Kennard Corner,1770,96703,1956,139,480,,Active,,,http://www.redfin.com/WA/Bothell/19813-23rd-Dr-SE-98012/home/2558786,NWMLS,1222888,N,Y,47.817686,-122.201168
MLS Listing,,Single Family Residential,19028 84th  (Lot #5) Place NE,Bothell,WA,98011,1057431,5,2.75,Bothell,3401,4545,2018,140,311,84,Active,April-21-2018 11:00 AM,April-21-2018 06:00 PM,http://www.redfin.com/WA/Bothell/19028-5th-Pl-W-98012/home/144412460,NWMLS,1223252,N,Y,47.8397983,-122.2407273
PAST SALE,,Single Family Residential,4613 187th Place SE Unit B,Bothell,WA,98012,669995,3,3.5,North Creek,2190,2854,2017,142,306,85,Pending,,,http://www.redfin.com/WA/Bothell/4613-187th-Pl-SE-98012/unit-B/home/144398188,NWMLS,1222536,N,Y,47.8277508,-122.1859411
MLS Listing,,Single Family Residential,18605 46th Ave SE,Bothell,WA,98012,719995,4,3.5,North Creek,2291,3246,2018,142,314,88,Active,,,http://www.redfin.com/WA/Bothell/18605-46th-Ave-SE-98012/home/144398077,NWMLS,1222532,N,Y,47.8289,-122.1723
PAST SALE,,Single Family Residential,18616 45th Dr SE,Bothell,WA,98012,859995,5,3.0,North Creek,2841,4189,2017,142,303,85,Pending,,,http://www.redfin.com/WA/Bothell/18616-45th-Dr-SE-98012/home/144398026,NWMLS,1222531,N,Y,47.8161589,-122.1713449
PAST SALE,,Single Family Residential,18608 45th Dr SE,Bothell,WA,98012,849995,5,3.0,North Creek,2841,4189,2017,142,299,85,Pending,,,http://www.redfin.com/WA/Bothell/18608-45th-Dr-SE-98012/home/144398011,NWMLS,1222529,N,Y,47.8161589,-122.1713449
PAST SALE,,Single Family Residential,18732 45th Dr SE,Bothell,WA,98012,719995,4,2.25,North Creek,1838,2811,2018,142,392,88,Pending,,,http://www.redfin.com/WA/Bothell/18732-45th-Dr-SE-98012/home/144397986,NWMLS,1222526,N,Y,47.8161589,-122.1713449
PAST SALE,,Single Family Residential,326 182nd St SE,Bothell,WA,98012,749950,4,3.0,North Bothell,3130,4400,2017,156,240,20,Pending,,,http://www.redfin.com/WA/Bothell/326-182nd-St-SE-98012/home/144319558,NWMLS,1218852,N,Y,47.834542,-122.227292
PAST SALE,,Townhouse,1325 Seattle Hill Rd Unit C2,Bothell,WA,98012,572900,4,3.5,Mill Creek,2318,1781,2017,161,247,121,Pending,,,http://www.redfin.com/WA/Bothell/1325-Seattle-Hill-Rd-98012/unit-C2/home/144285924,NWMLS,1217311,N,Y,47.8450585,-122.2147022
PAST SALE,,Townhouse,1325 Seattle Hill Rd Unit C4,Bothell,WA,98012,569900,4,3.5,Mill Creek,2318,1569,2017,168,246,121,Pending,,,http://www.redfin.com/WA/Bothell/1325-Seattle-Hill-Rd-98012/unit-C4/home/144236597,NWMLS,1214875,N,Y,47.8450585,-122.2147022
PAST SALE,,Single Family Residential,18624 45th Dr SE,Bothell,WA,98012,849995,5,3.0,North Creek,2841,4189,2017,175,299,85,Pending,,,http://www.redfin.com/WA/Bothell/18624-45th-Dr-SE-98012/home/144198108,NWMLS,1212653,N,Y,47.8161589,-122.1713449
PAST SALE,,Single Family Residential,18610 45th Dr SE,Bothell,WA,98012,859995,4,2.5,North Creek,2779,4137,2018,175,309,88,Pending,,,http://www.redfin.com/WA/Bothell/18610-45th-Dr-SE-98012/home/144197648,NWMLS,1212651,N,Y,47.8289,-122.1723
MLS Listing,,Single Family Residential,18628 45th Dr SE,Bothell,WA,98012,869995,4,2.75,North Creek,2665,4091,2018,175,326,88,Active,,,http://www.redfin.com/WA/Bothell/18628-45th-Dr-SE-98012/home/144196507,NWMLS,1212648,N,Y,47.8289,-122.1723
MLS Listing,,Single Family Residential,18820 10th Dr SE Lot 5,Bothell,WA,98012,949990,4,2.75,Canyon Park,3000,19166,2017,175,317,,Active,,,http://www.redfin.com/WA/Bothell/18820-10th-Dr-SE-98012/unit-5/home/145282126,NWMLS,1205566,N,Y,47.8270872,-122.2187069
PAST SALE,,Single Family Residential,4510 187th Place SE,Bothell,WA,98012,654995,3,2.25,North Creek,1541,3264,2017,176,425,85,Pending,,,http://www.redfin.com/WA/Bothell/4510-187th-Pl-SE-98012/home/144175216,NWMLS,1212229,N,Y,47.8277508,-122.1859411
PAST SALE,,Single Family Residential,18727 45th Dr SE,Bothell,WA,98012,747845,5,2.75,North Creek,2186,3100,2017,176,342,85,Pending,,,http://www.redfin.com/WA/Bothell/18727-45th-Dr-SE-98012/home/144175215,NWMLS,1212233,N,Y,47.8161589,-122.1713449
PAST SALE,July-15-2010,Single Family Residential,17927 Sunset Rd,Bothell,WA,98012,404950,3,2.5,Bothell,2420,16988,1980,182,167,,Pending,,,http://www.redfin.com/WA/Bothell/17927-Sunset-Rd-98012/home/2495435,NWMLS,1209897,N,Y,47.8347584,-122.178183
PAST SALE,,Single Family Residential,18620 45th Dr SE,Bothell,WA,98012,839995,4,2.5,North Creek,2779,4137,2017,187,302,85,Pending,,,http://www.redfin.com/WA/Bothell/18620-45th-Dr-SE-98012/home/144083086,NWMLS,1207596,N,Y,47.8161589,-122.1713449
PAST SALE,,Single Family Residential,18719 46th Ave SE,Bothell,WA,98012,674995,3,2.25,North Creek,1567,4015,2018,187,431,88,Pending,,,http://www.redfin.com/WA/Bothell/18719-46th-Ave-SE-98012/home/144082987,NWMLS,1207587,N,Y,47.828913,-122.172253
PAST SALE,,Condo/Co-op,9608 NE 182nd #20 St Unit C,Bothell,WA,98011,782995,4,3.25,Bothell,2048,,2018,195,382,137,Pending,,,http://www.redfin.com/WA/Bothell/9608-20th-Dr-SE-98012/unit-C/home/144634499,NWMLS,1204564,N,Y,47.8441408,-122.2053623
PAST SALE,,Single Family Residential,18704 45th Dr SE,Bothell,WA,98012,851450,5,3.0,North Creek,2841,4189,2017,202,300,85,Pending,,,http://www.redfin.com/WA/Bothell/18704-45th-Dr-SE-98012/home/143429504,NWMLS,1201467,N,Y,47.8289,-122.1723
PAST SALE,,Single Family Residential,18719 45th Park SE,Bothell,WA,98012,695995,4,2.25,North Creek,1876,2820,2017,202,371,85,Pending,,,http://www.redfin.com/WA/Bothell/18719-45th-Ave-SE-98012/home/143956991,NWMLS,1201465,N,Y,47.81987,-122.1725265
PAST SALE,,Single Family Residential,18715 45th Dr SE,Bothell,WA,98012,649995,3,2.25,North Creek,1567,3404,2017,202,415,85,Pending,,,http://www.redfin.com/WA/Bothell/18715-45th-Dr-SE-98012/home/143956984,NWMLS,1201463,N,Y,47.8161589,-122.1713449
PAST SALE,,Single Family Residential,18720 45th. Dr SE,Bothell,WA,98012,705995,4,2.25,North Creek,1876,2874,2017,204,376,85,Pending,,,http://www.redfin.com/WA/Bothell/18720-45th-Dr-SE-98012/home/143937390,NWMLS,1200782,N,Y,47.8161589,-122.1713449
PAST SALE,,Single Family Residential,4523 187th Place SE Unit A,Bothell,WA,98012,669995,3,3.5,North Creek,2190,3031,2017,204,306,85,Pending,,,http://www.redfin.com/WA/Bothell/4523-187th-Pl-SE-98012/unit-A/home/143937387,NWMLS,1200780,N,Y,47.8277508,-122.1859411
MLS Listing,,Vacant Land,5615 180 St SE,Bothell,WA,98012,650000,0,,Bothell,,259182,,205,,,Active,,,http://www.redfin.com/WA/Bothell/5615-180th-St-SE-98012/home/2501281,NWMLS,1199986,N,Y,47.8347855,-122.1569611
PAST SALE,,Single Family Residential,18721 45th Dr SE,Bothell,WA,98012,715995,4,2.25,North Creek,1876,2659,2018,210,382,88,Pending,,,http://www.redfin.com/WA/Bothell/18721-45th-Dr-SE-98012/home/143855495,NWMLS,1197760,N,Y,47.828913,-122.172253
PAST SALE,,Single Family Residential,21832 34th Dr SE #32,Bothell,WA,98021,1249390,4,3.25,Canyon Park,3777,9633,2017,210,331,90,Pending,,,http://www.redfin.com/WA/Bothell/21832-34th-Dr-SE-98012/unit-32/home/143855349,NWMLS,1197781,N,Y,47.809563,-122.186833
MLS Listing,,Single Family Residential,19511 51 Ave SE,Bothell,WA,98012,4100000,5,3.5,Clearview,3800,733550,1922,214,1079,,Active,,,http://www.redfin.com/WA/Bothell/19511-51st-Ave-SE-98012/home/2529334,NWMLS,1195663,N,Y,47.821557,-122.161973
PAST SALE,,Single Family Residential,18023 3rd Dr SE Unit GP 39,Bothell,WA,98012,737990,4,3.25,North Creek,2750,4025,2018,215,268,20,Pending,,,http://www.redfin.com/WA/Bothell/18023-3rd-Dr-SE-98012/unit-GP-39/home/143836260,NWMLS,1195061,N,Y,47.8342864,-122.2271303
MLS Listing,,Mobile/Manufactured Home,5615 180th St SE,Bothell,WA,98012,650000,3,2.0,Bothell,1004,259182,1995,217,647,,Active,,,http://www.redfin.com/WA/Bothell/5615-180th-St-SE-98012/home/2501282,NWMLS,1189712,N,Y,47.8347855,-122.1569611
PAST SALE,,Single Family Residential,18730 45th Dr SE,Bothell,WA,98012,749995,4,2.25,North Creek,2214,3485,2018,224,339,88,Pending,,,http://www.redfin.com/WA/Bothell/18730-45th-Dr-SE-98012/home/143731965,NWMLS,1191326,N,Y,47.828913,-122.172253
PAST SALE,,Single Family Residential,18728 45th Park SE,Bothell,WA,98012,704995,4,2.25,North Creek,1838,2811,2017,224,384,85,Pending,,,http://www.redfin.com/WA/Bothell/18728-45th-Ave-SE-98012/home/143731859,NWMLS,1191324,N,Y,47.81987,-122.1725265
PAST SALE,,Single Family Residential,18816 10th Dr SE Lot 6,Bothell,WA,98012,829990,5,2.75,Mill Creek,2704,18731,2017,224,307,,Pending,,,http://www.redfin.com/WA/Bothell/18816-10th-Dr-SE-98012/unit-6/home/145335053,NWMLS,1187415,N,Y,47.8271728,-122.2191886
PAST SALE,,Single Family Residential,18713 45th Park SE,Bothell,WA,98012,639995,3,2.25,North Creek,1567,3484,2017,230,408,85,Pending,,,http://www.redfin.com/WA/Bothell/18713-45th-Ave-SE-98012/home/143512180,NWMLS,1188280,N,Y,47.828913,-122.172253
MLS Listing,,Single Family Residential,18606 46th Ave SE,Bothell,WA,98012,784995,4,3.5,North Creek,2600,3339,2018,239,302,88,Active,,,http://www.redfin.com/WA/Bothell/18606-46th-Ave-SE-98012/home/143417846,NWMLS,1184008,N,Y,47.8289,-122.1723
PAST SALE,,Single Family Residential,18630 45th Dr SE,Bothell,WA,98012,849995,5,3.0,North Creek,2841,4189,2017,239,299,85,Pending,,,http://www.redfin.com/WA/Bothell/18630-45th-Dr-SE-98012/home/143417267,NWMLS,1183919,N,Y,47.828913,-122.172253
PAST SALE,,Vacant Land,2904 Seattle Hill Rd,Mill Creek,WA,98012,1338800,0,,Mill Creek,,47045,,247,,,Pending,,,http://www.redfin.com/WA/Mill-Creek/2904-Seattle-Hill-Rd-98012/home/2471617,NWMLS,1178973,N,Y,47.8562344,-122.1931538
PAST SALE,,Vacant Land,2914 Seattle Hill Rd,Mill Creek,WA,98012,1800000,0,,Mill Creek,,60984,,247,,,Pending,,,http://www.redfin.com/WA/Mill-Creek/2914-Seattle-Hill-Rd-98012/home/2471616,NWMLS,1178946,N,Y,47.8562563,-122.1928095
PAST SALE,,Single Family Residential,18320 3rd Dr SE,Bothell,WA,98012,729950,3,2.5,North Bothell,2450,3385,2017,248,298,20,Pending,,,http://www.redfin.com/WA/Bothell/18320-3rd-Dr-SE-98012/home/143303400,NWMLS,1179362,N,Y,47.8332416,-122.2270735
PAST SALE,,Single Family Residential,18725 45th Park SE,Bothell,WA,98012,747845,5,2.75,North Creek,2186,3100,2017,254,342,85,Pending,,,http://www.redfin.com/WA/Bothell/18725-45th-Ave-SE-98012/home/143185776,NWMLS,1176305,N,Y,47.828913,-122.172253
PAST SALE,,Single Family Residential,18718 45th Park SE,Bothell,WA,98012,695995,4,2.25,North Creek,1876,2659,2017,254,371,85,Pending,,,http://www.redfin.com/WA/Bothell/18718-45th-Ave-SE-98012/home/143185622,NWMLS,1176299,N,Y,47.828913,-122.172253
PAST SALE,,Single Family Residential,18613 45th Dr SE,Bothell,WA,98012,542995,2,2.5,North Creek,1396,2583,2017,254,389,85,Pending,,,http://www.redfin.com/WA/Bothell/18613-45th-Dr-SE-98012/home/143185581,NWMLS,1176294,N,Y,47.8289,-122.1723
PAST SALE,,Single Family Residential,186th Place SE,Bothell,WA,98012,699995,4,3.5,North Creek,2291,3728,2017,254,306,85,Pending,,,http://www.redfin.com/WA/Bothell/186th-Pl-SE-98012/home/143185310,NWMLS,1176290,N,Y,47.8289,-122.1723
PAST SALE,,Single Family Residential,4524 186th Place SE Unit A,Bothell,WA,98012,669995,3,3.5,North Creek,2190,2387,2018,254,306,88,Pending,,,http://www.redfin.com/WA/Bothell/4524-186th-Pl-SE-98012/unit-A/home/143185162,NWMLS,1176279,N,Y,47.8283509,-122.1724901
PAST SALE,,Single Family Residential,4604 186th Place SE Unit A,Bothell,WA,98012,649995,3,3.5,North Creek,2190,2282,2017,254,297,85,Pending,,,http://www.redfin.com/WA/Bothell/4604-186th-Pl-SE-98012/unit-A/home/143185112,NWMLS,1176277,N,Y,47.8283509,-122.1724901
PAST SALE,,Single Family Residential,4524 186th Place SE Unit B,Bothell,WA,98012,659995,3,3.5,North Creek,2190,2786,2017,254,301,85,Pending,,,http://www.redfin.com/WA/Bothell/4524-186th-Pl-SE-98012/unit-B/home/143185072,NWMLS,1176270,N,Y,47.8283509,-122.1724901
PAST SALE,,Single Family Residential,4604 186th Place SE,Bothell,WA,98012,649995,3,3.5,North Creek,2190,2387,2017,267,297,85,Pending,,,http://www.redfin.com/WA/Bothell/4604-186th-Pl-SE-98012/home/143020648,NWMLS,1169149,N,Y,47.8289,-122.1723
PAST SALE,,Single Family Residential,18726 45th Park SE,Bothell,WA,98012,719995,4,2.25,North Creek,2214,3485,2017,267,325,85,Pending,,,http://www.redfin.com/WA/Bothell/18726-45th-Ave-SE-98012/home/143019390,NWMLS,1169057,N,Y,47.828913,-122.172253
PAST SALE,,Single Family Residential,18711 45th. Ave SE,Bothell,WA,98012,629995,3,2.25,North Creek,1567,3643,2017,267,402,85,Pending,,,http://www.redfin.com/WA/Bothell/18711-45th-Ave-SE-98012/home/113872450,NWMLS,1169004,N,Y,47.81987,-122.1725265
MLS Listing,,Vacant Land,19009 51st Ave SE,Bothell,WA,98012,854000,0,,Bothell,,645123,,272,,,Active,,,http://www.redfin.com/WA/Bothell/19009-51st-Ave-SE-98012/home/142984283,NWMLS,1165561,N,Y,47.824759,-122.157949
MLS Listing,,Vacant Land,19021 51st Ave SE,Bothell,WA,98012,474000,0,,Bothell,,222429,,272,,,Active,,,http://www.redfin.com/WA/Bothell/19021-51st-Ave-SE-98012/home/62262758,NWMLS,1165560,N,Y,47.824505,-122.161645
PAST SALE,,Single Family Residential,18702 45th Dr SE,Bothell,WA,98012,819995,4,2.5,North Creek,2779,4091,2017,272,295,85,Pending,,,http://www.redfin.com/WA/Bothell/18702-45th-Dr-SE-98012/home/142977498,NWMLS,1166337,N,Y,47.8289,-122.1723
MLS Listing,,Single Family Residential,18611 46th Ave SE,Bothell,WA,98012,719995,4,3.5,North Creek,2301,3262,2018,272,313,88,Active,,,http://www.redfin.com/WA/Bothell/18611-46th-Ave-SE-98012/home/142977390,NWMLS,1166334,N,Y,47.8289,-122.1723
PAST SALE,,Single Family Residential,18716 45th. Ave SE,Bothell,WA,98012,685995,4,2.25,North Creek,1876,2874,2017,272,366,85,Pending,,,http://www.redfin.com/WA/Bothell/18716-45th-Ave-SE-98012/home/113872370,NWMLS,1166323,N,Y,47.81987,-122.1725265
PAST SALE,,Single Family Residential,4426 187th St SE,Bothell,WA,98012,698995,3,2.5,North Creek,2128,3111,2017,283,328,85,Pending,,,http://www.redfin.com/WA/Bothell/4426-187th-St-SE-98012/home/141879684,NWMLS,1159479,N,Y,47.8281489,-122.195332
PAST SALE,,Single Family Residential,111 187th St SE,Bothell,WA,98012,738995,3,2.5,North Creek,2202,3562,2017,283,336,85,Pending,,,http://www.redfin.com/WA/Bothell/111-187th-St-SE-98012/home/141878496,NWMLS,1159477,N,Y,47.829323,-122.171344
PAST SALE,,Single Family Residential,18720 44th. Dr SE,Bothell,WA,98012,656995,4,2.25,North Creek,1838,2811,2017,283,357,85,Pending,,,http://www.redfin.com/WA/Bothell/18720-44th-Dr-SE-98012/home/113821249,NWMLS,1159472,N,Y,47.8281894,-122.1730482
PAST SALE,,Single Family Residential,21814 34th Dr SE #35,Bothell,WA,98021,1055115,3,2.5,Canyon Park,3182,9602,2017,285,332,80,Pending,,,http://www.redfin.com/WA/Bothell/21814-34th-Dr-SE-98012/unit-35/home/141364587,NWMLS,1157908,N,Y,47.809563,-122.186833
PAST SALE,,Single Family Residential,21837 34th Dr SE #13,Bothell,WA,98021,1204884,5,3.0,Canyon Park,4236,10118,2017,288,284,80,Pending,,,http://www.redfin.com/WA/Bothell/21837-34th-Dr-SE-98012/unit-13/home/140245004,NWMLS,1156744,N,Y,47.809563,-122.186833
PAST SALE,,Single Family Residential,18717 45th Ave SE,Bothell,WA,98012,675995,4,2.25,North Creek,1876,2659,2017,292,360,85,Pending,,,http://www.redfin.com/WA/Bothell/18717-45th-Ave-SE-98012/home/114094463,NWMLS,1154487,N,Y,47.828913,-122.172253
PAST SALE,,Single Family Residential,18724 45th Ave SE,Bothell,WA,98012,670995,4,2.25,North Creek,1838,2811,2017,292,365,85,Pending,,,http://www.redfin.com/WA/Bothell/18724-45th-Ave-SE-98012/home/114094464,NWMLS,1154484,N,Y,47.828913,-122.172253
PAST SALE,April-25-2017,Single Family Residential,15814 3rd Ave SE,Bothell,WA,98012,775000,5,2.5,Mill Creek,2384,28750,1950,302,325,,Pending,,,http://www.redfin.com/WA/Bothell/15814-3rd-Ave-SE-98012/home/2716424,NWMLS,1149245,N,Y,47.854288,-122.2285701
PAST SALE,,Single Family Residential,11111 187th. St SE,Bothell,WA,98012,723995,3,2.5,North Creek,2202,3569,2017,324,329,85,Pending,,,http://www.redfin.com/WA/Bothell/11111-187th-St-SE-98012/home/114068103,NWMLS,1135332,N,Y,47.828117,-122.172964
PAST SALE,,Single Family Residential,18723 45th. Ave SE,Bothell,WA,98012,689995,4,2.25,North Creek,2186,3100,2017,324,316,85,Pending,,,http://www.redfin.com/WA/Bothell/18723-45th-Ave-SE-98012/home/114068009,NWMLS,1135313,N,Y,47.81987,-122.1725265
PAST SALE,,Single Family Residential,18722 45th. Ave SE,Bothell,WA,98012,699995,4,2.25,North Creek,2214,3485,2017,324,316,85,Pending,,,http://www.redfin.com/WA/Bothell/18722-45th-Ave-SE-98012/home/114067683,NWMLS,1135277,N,Y,47.81987,-122.1725265
MLS Listing,,Vacant Land,19806 13th Dr SE,Bothell,WA,98012,1500000,0,,Thrashers Corner,,43560,,325,,,Active,,,http://www.redfin.com/WA/Bothell/19806-13th-Dr-SE-98012/home/2553192,NWMLS,1134735,N,Y,47.8189311,-122.2141023
PAST SALE,,Single Family Residential,14215 20th Dr SE,Mill Creek,WA,98012,450000,3,3.0,Mill Creek,2872,12197,1981,335,157,40,Pending,,,http://www.redfin.com/WA/Mill-Creek/14215-20th-Dr-SE-98012/home/2789317,NWMLS,1129487,N,Y,47.8691105,-122.2046328
PAST SALE,,Vacant Land,16800 45th Dr SE,Bothell,WA,98012,650000,0,,Bothell,,102366,,338,,,Pending,,,http://www.redfin.com/WA/Bothell/16800-45th-Dr-SE-98012/home/113973168,NWMLS,1126195,N,Y,47.8466907,-122.1705139
PAST SALE,,Single Family Residential,4422 187th. St SE,Bothell,WA,98012,673995,3,2.5,North Creek,2189,3111,2017,341,308,85,Pending,,,http://www.redfin.com/WA/Bothell/4422-187th-St-SE-98012/home/113958633,NWMLS,1124261,N,Y,47.8281489,-122.195332
PAST SALE,,Single Family Residential,4427 187th. St SE,Bothell,WA,98012,678995,3,2.5,North Creek,2128,3111,2017,341,319,85,Pending,,,http://www.redfin.com/WA/Bothell/4427-187th-St-SE-98012/home/113958629,NWMLS,1124255,N,Y,47.8281489,-122.195332
PAST SALE,,Single Family Residential,4423 187th. St SE,Bothell,WA,98012,722995,3,2.5,North Creek,2128,3111,2017,352,340,85,Pending,,,http://www.redfin.com/WA/Bothell/4423-187th-St-SE-98012/home/113861652,NWMLS,1118059,N,Y,47.8289,-122.1723
PAST SALE,,Single Family Residential,4428 187th. Place SE,Bothell,WA,98012,604995,3,2.25,North Creek,1541,3358,2017,352,393,85,Pending,,,http://www.redfin.com/WA/Bothell/4428-187th-Pl-SE-98012/home/113861646,NWMLS,1118049,N,Y,47.8277508,-122.1859411
PAST SALE,,Single Family Residential,18717 44th. Dr SE,Bothell,WA,98012,679995,4,2.25,North Creek,2186,3100,2017,352,311,85,Pending,,,http://www.redfin.com/WA/Bothell/18717-44th-Dr-SE-98012/home/113861612,NWMLS,1118047,N,Y,47.8281894,-122.1730482
PAST SALE,,Single Family Residential,18712 44th. Dr SE,Bothell,WA,98012,639995,4,2.25,North Creek,1876,2901,2017,357,341,85,Pending,,,http://www.redfin.com/WA/Bothell/18712-44th-Dr-SE-98012/home/113822144,NWMLS,1115094,N,Y,47.8281894,-122.1730482
PAST SALE,,Single Family Residential,4419 187th. St SE,Bothell,WA,98012,656995,3,2.5,North Creek,2128,3111,2017,357,309,85,Pending,,,http://www.redfin.com/WA/Bothell/4419-187th-St-SE-98012/home/113822005,NWMLS,1115085,N,Y,47.8281489,-122.195332
PAST SALE,,Single Family Residential,4418 187th. St SE,Bothell,WA,98012,663995,3,2.5,North Creek,2189,3111,2017,357,303,85,Pending,,,http://www.redfin.com/WA/Bothell/4418-187th-St-SE-98012/home/113821630,NWMLS,1115074,N,Y,47.8281489,-122.195332
PAST SALE,,Single Family Residential,4412 187th. Place SE,Bothell,WA,98012,594995,3,2.25,North Creek,1541,3520,2017,370,386,85,Pending,,,http://www.redfin.com/WA/Bothell/4412-187th-Pl-SE-98012/home/113725852,NWMLS,1106177,N,Y,47.8277508,-122.1859411
PAST SALE,,Single Family Residential,18710 44th. Park SE,Bothell,WA,98012,633000,4,2.25,North Creek,1876,2896,2017,399,337,85,Pending,,,http://www.redfin.com/WA/Bothell/18710-44th-Dr-SE-98012/home/113439477,NWMLS,1092114,N,Y,47.8281894,-122.1730482
PAST SALE,,Single Family Residential,18703 45th. Ave SE,Bothell,WA,98012,759995,3,2.5,North Creek,2665,4091,2017,419,285,85,Pending,,,http://www.redfin.com/WA/Bothell/18703-45th-Ave-SE-98012/home/113192421,NWMLS,1082809,N,Y,47.8198699,-122.1725265
PAST SALE,November-9-2016,Mobile/Manufactured Home,3305 207th Place SE,Bothell,WA,98012,255000,2,2.0,Bothell,1248,6098,1977,435,204,150,Pending,,,http://www.redfin.com/WA/Bothell/3305-207th-Pl-SE-98012/home/2660904,NWMLS,1075500,N,Y,47.8097391,-122.1888282
New Construction Home,,Single Family Residential,Tbd,Bothell,WA,98012,799950,5,3.0,Millbrook Ridge,2825,,2018,2,283,,Active,,,http://www.redfin.com/WA/Bothell/Tbd-98012/home/145125414,NewHomeSource.com,1440394,N,Y,47.8367,-122.229
New Construction Home,,Single Family Residential,111 178th St SE,Bothell,WA,98012,819950,5,3.5,Millbrook Ridge,3222,,2018,37,254,,Active,,,http://www.redfin.com/WA/Bothell/111-178th-St-SE-98012/home/145125416,NewHomeSource.com,1428625,N,Y,47.8367,-122.229
New Construction Home,,Single Family Residential,216 178th St SE,Bothell,WA,98012,884950,4,3.5,Millbrook Ridge,3395,,2018,37,261,,Active,,,http://www.redfin.com/WA/Bothell/216-178th-St-SE-98012/home/145278263,NewHomeSource.com,1428626,N,Y,47.8367,-122.229
New Construction Plan,,Single Family Residential,Evan,Bothell,WA,98012,614990,3,2.5,Sunrise at Mill Valley,1850,,,,332,,Active,,,http://www.redfin.com/WA/Bothell/Sunrise-at-Mill-Valley/Evan/home/144573679,NewHomeSource.com,Plan-41299170,N,Y,47.8332418,-122.2289954
New Construction Plan,,Single Family Residential,Liberty,Bothell,WA,98012,720995,4,2.5,Timber Creek - The Courtyards,1876,,,,384,,Active,,,http://www.redfin.com/WA/Bothell/Timber-Creek-The-Courtyards/Liberty/home/109194911,NewHomeSource.com,Plan-41325979,N,Y,47.828913,-122.172253
New Construction Plan,,Single Family Residential,Willow (WA),Bothell,WA,98012,719995,4,2.5,Timber Creek - The Courtyards,1838,,,,392,,Active,,,http://www.redfin.com/WA/Bothell/Timber-Creek-The-Courtyards/Willow-WA/home/109194912,NewHomeSource.com,Plan-41325978,N,Y,47.828913,-122.172253
New Construction Plan,,Single Family Residential,Snowberry,Bothell,WA,98012,674995,3,2.5,Timber Creek - The Courtyards,1567,,,,431,,Active,,,http://www.redfin.com/WA/Bothell/Timber-Creek-The-Courtyards/Snowberry/home/109194913,NewHomeSource.com,Plan-41325977,N,Y,47.828913,-122.172253
New Construction Plan,,Single Family Residential,Liesel,Bothell,WA,98012,669990,3,2.5,Pinedale,2050,,,,327,,Active,,,http://www.redfin.com/WA/Bothell/Pinedale/Liesel/home/145132221,NewHomeSource.com,Plan-41399055,N,Y,47.834903,-122.176543
New Construction Plan,,Single Family Residential,Fern,Bothell,WA,98012,749995,4,2.5,Timber Creek - The Courtyards,2186,,,,343,,Active,,,http://www.redfin.com/WA/Bothell/Timber-Creek-The-Courtyards/Fern/home/109194915,NewHomeSource.com,Plan-41325975,N,Y,47.828913,-122.172253
New Construction Plan,,Single Family Residential,Penrose (WA),Bothell,WA,98012,719995,4,3.5,Timber Creek - The Bungalows,2320,,,,310,,Active,,,http://www.redfin.com/WA/Bothell/Timber-Creek-The-Bungalows/Penrose-WA/home/103657484,NewHomeSource.com,Plan-41227756,N,Y,47.828913,-122.172253
New Construction Plan,,Single Family Residential,Lincoln (WA),Bothell,WA,98012,719995,3,3.5,Timber Creek - The Bungalows,2301,,,,313,,Active,,,http://www.redfin.com/WA/Bothell/Timber-Creek-The-Bungalows/Lincoln-WA/home/103657485,NewHomeSource.com,Plan-41227755,N,Y,47.828913,-122.172253
New Construction Plan,,Single Family Residential,Magnolia,Bothell,WA,98012,749950,4,2.5,Millbrook Ridge,2501,,,,300,,Active,,,http://www.redfin.com/WA/Bothell/Millbrook-Ridge/Magnolia/home/145079997,NewHomeSource.com,Plan-41481482,N,Y,47.8367,-122.229
New Construction Plan,,Single Family Residential,Sequoia,Bothell,WA,98012,799950,5,3.0,Millbrook Ridge,2825,,,,283,,Active,,,http://www.redfin.com/WA/Bothell/Millbrook-Ridge/Sequoia/home/145079996,NewHomeSource.com,Plan-41481483,N,Y,47.8367,-122.229
New Construction Plan,,Single Family Residential,Bainbridge Home Within a Home,Bothell,WA,98012,874950,4,3.5,Millbrook Ridge,3183,,,,275,,Active,,,http://www.redfin.com/WA/Bothell/Millbrook-Ridge/Bainbridge-Home-Within-a-Home/home/145079995,NewHomeSource.com,Plan-41481484,N,Y,47.8367,-122.229
New Construction Plan,,Single Family Residential,Ballinger,Bothell,WA,98012,829950,5,3.5,Millbrook Ridge,3222,,,,258,,Active,,,http://www.redfin.com/WA/Bothell/Millbrook-Ridge/Ballinger/home/145079994,NewHomeSource.com,Plan-41481485,N,Y,47.8367,-122.229
New Construction Plan,,Single Family Residential,Columbia,Bothell,WA,98012,859950,4,3.5,Millbrook Ridge,3395,,,,253,,Active,,,http://www.redfin.com/WA/Bothell/Millbrook-Ridge/Columbia/home/145079993,NewHomeSource.com,Plan-41481486,N,Y,47.8367,-122.229
New Construction Plan,,Single Family Residential,Whitman,Bothell,WA,98012,909950,5,4.0,Millbrook Ridge,3862,,,,236,,Active,,,http://www.redfin.com/WA/Bothell/Millbrook-Ridge/Whitman/home/145079992,NewHomeSource.com,Plan-41481487,N,Y,47.8367,-122.229
New Construction Plan,,Single Family Residential,Sidney,Bothell,WA,98012,779995,3,3.5,Timber Creek - The Bungalows,2600,,,,300,,Active,,,http://www.redfin.com/WA/Bothell/Timber-Creek-The-Bungalows/Sidney/home/143512181,NewHomeSource.com,Plan-41429978,N,Y,47.828913,-122.172253
New Construction Plan,,Single Family Residential,Lander,Bothell,WA,98012,894988,3,2.5,Sunrise at Mill Valley,2350,,,,381,,Active,,,http://www.redfin.com/WA/Bothell/Sunrise-at-Mill-Valley/Lander/home/144671413,NewHomeSource.com,Plan-41252523,N,Y,47.8332418,-122.2289954
New Construction Plan,,Single Family Residential,Leota,Bothell,WA,98012,869995,3,2.5,Timber Creek - The Signature,2665,,,,326,,Active,,,http://www.redfin.com/WA/Bothell/Timber-Creek-The-Signature/Leota/home/102462987,NewHomeSource.com,Plan-41172998,N,Y,47.828913,-122.172253
